X2,X3,X4,X5,X6,X7,X8,X9,X10,X11,X12,X13,X14,X15,X16,X17,X18,X19,X20,X21,X22,X23,X24,X25,X26,X27,X28,X29,X30,X31,X32,X33,X34,X35,X36,X37,X38,X39,X40,X41,X42,X43,X44,X45,X46,X47,X48,X49,X50,X51,X52,X53,X54,X55,X56,X57,X58,X59,X60,X61,X62,X63,X64,X65,X66,X67,X68,X69,X70,X71,X72,X73,X74,X75,X76,X77,X78,X79,X80,X81,X82,X83,X84,X85,X86,X87,X88,X89,X90,X91,X92,X93,time
1.47892169200643e-17,4.24332551601228e-18,1.47176909746983e-18,2.57194872758089e-18,6.80081609004568e-18,6.46988508808874e-18,3.23702940959794e-18,7.80085440199977e-18,8.95270914888083e-18,2.23016099988601e-17,8.08246207789708e-19,2.99539576329699e-18,2.87556443193486e-18,1.80895919778864e-18,2.73424277928836e-18,4.76159880592476e-18,2.79774917091487e-17,3.41383831927822e-18,1.26605125036331e-17,3.89412315864641e-18,1.19593953311239e-17,4.55118433866674e-18,2.20377068541011e-17,4.57366533654609e-18,2.52404549062729e-18,1.27672090188333e-18,1.57368469768438e-17,6.78896692562798e-18,7.97439049754482e-18,1.22043710607527e-17,1.05723068565557e-18,1.42214682331101e-18,4.21065209769647e-18,7.54692626459371e-18,5.86424489775528e-18,3.00307468171209e-18,8.82670866278632e-18,1.00858824403853e-17,5.05936774902319e-18,1.96295707113468e-18,1.59740513511638e-18,1.437703018289e-18,7.79778817590136e-18,6.453763471475e-18,4.09981277052141e-18,1.1960394293699e-17,1.07067262626566e-18,2.39021510400289e-18,4.56296009376306e-18,1.23117314221735e-17,8.49173981440386e-18,6.5556455637428e-18,2.81456655657827e-18,6.88662133553917e-18,1.84498786423655e-17,2.38643722669343e-18,6.71120387480853e-18,3.76698871469121e-18,7.81277512656717e-18,5.79822311321835e-18,2.79016952592816e-18,4.83398274051458e-18,2.19706266121484e-17,8.64369495605471e-18,6.14631974970487e-18,8.18769784617638e-18,1.77007091498489e-18,3.52776827410833e-18,7.18897368260496e-18,1.89633701990297e-18,2.43781300267754e-17,2.1856567171229e-18,8.7205149344798e-18,1.30582413950451e-17,2.48188796441082e-18,9.90911767118597e-19,1.77786886132484e-18,2.64173473787337e-18,4.23035503443331e-18,9.54566978832048e-18,7.84189576721953e-18,5.34312041377056e-18,3.2330200083971e-18,3.60383348541733e-18,1.53161184541063e-17,3.93586003813717e-18,2.58834347378519e-18,2.66778698295935e-17,1.06079274302466e-17,9.75977447644813e-18,1.94441665417851e-17,5.41664351873346e-18,-28.524
5.24823990888062e-18,5.76782700438897e-18,7.28220410829823e-18,1.10723636028275e-18,1.953072951367e-18,1.03060167836362e-17,2.32978366969708e-17,2.17265631205854e-17,5.3857384511803e-18,2.29902897190512e-17,6.856087401523e-18,2.32515267828546e-17,2.3921667232468e-17,1.20552424526015e-17,7.31260118051389e-18,2.41557177342225e-17,4.28983094859979e-18,3.59117266273531e-17,1.4597210383132e-17,7.36937563571044e-18,3.53593148046219e-17,8.35790410640476e-18,3.41345735262159e-17,1.39397112002467e-18,1.31685912701171e-17,2.21162206228626e-17,1.53326967542814e-17,6.79014738956973e-18,7.93314781969538e-18,2.78437098348681e-17,8.421245936637e-18,2.04416142220061e-17,1.14741790683802e-17,7.03878670871477e-18,1.07082763249795e-17,4.51775305083118e-18,1.69681015434659e-17,9.48268916591936e-18,1.6593052697594e-17,4.71790339705847e-18,4.80799697123112e-17,4.96915964633367e-17,4.47809218669825e-17,8.89221283821414e-18,1.94036874967787e-17,1.5315013259422e-17,2.98371245410269e-17,1.43422687294828e-17,5.81533101076329e-16,1.19972927670873e-17,5.07824948840805e-18,3.49487459663801e-17,1.04467774720395e-17,2.03655370411135e-18,1.8455628189633e-17,1.70291709794705e-17,2.05037143482448e-17,1.35472768464962e-17,8.39406233442972e-18,2.41968031137064e-17,5.65681514282054e-18,2.13257779249991e-17,6.5169300498414e-17,4.79419438721342e-17,1.42131859759587e-17,2.82726685903685e-17,4.92418704514994e-18,1.61310946710745e-17,1.5889354529306e-17,1.04342371888391e-17,9.71953541600308e-17,2.49762740151622e-17,1.38660092930162e-17,7.9903802577031e-18,1.12302738739609e-17,1.70240916539061e-18,6.30318010663016e-18,1.10721884868123e-17,4.52422843905086e-18,1.61213565508841e-17,5.46570482823925e-17,6.07367783679943e-18,1.36310982141809e-17,6.66630870472504e-17,7.15757592777932e-18,2.36041172913559e-17,1.16153953064161e-17,1.0414326654011e-16,2.37726650732088e-17,3.40574933871837e-18,3.37090864565792e-18,9.03565239474654e-18,-28.274
1.8121257542001e-17,2.5644095595805e-17,6.34186390556618e-18,5.49744924388524e-17,4.57267998457204e-18,1.01095406593785e-16,1.63557219569533e-17,3.54471262016607e-15,3.13530423778558e-17,4.77356171009976e-15,1.79163158853463e-17,8.68075332022567e-18,7.20762350521884e-17,5.81882292218423e-17,1.36999072631136e-15,1.47561048589428e-17,2.06109609222258e-15,9.13582046409642e-18,1.41492299914768e-17,3.67501887607687e-17,8.08444422053638e-18,2.38859646268294e-17,2.91440569122932e-15,1.87476850151068e-17,4.44006190186484e-17,2.79154684997615e-17,2.06911099032354e-17,7.85851834466228e-17,1.05788681956446e-16,2.22192283857068e-15,2.26933889524388e-15,2.10952882667288e-17,2.00703182210392e-15,3.62545863623253e-17,2.78034488566338e-15,1.46192641339812e-17,3.73159698714673e-17,2.40770352796051e-15,1.05382396628126e-15,2.27479590655591e-15,4.45267838608011e-17,3.12960272551696e-17,4.05903667727498e-17,5.15978050550171e-17,1.29893062558138e-17,4.69266609682104e-17,3.10376594442425e-15,6.65361030594873e-17,3.88274388796474e-17,5.80112691785704e-18,1.925793165613e-15,9.4295729764575e-17,1.55126477078981e-17,1.80253505514313e-17,1.59731060725754e-17,5.25124679117348e-18,2.58683006198188e-17,4.20559531162648e-17,1.86282863949655e-15,3.73192766206533e-17,1.95430536201874e-15,6.16203271929366e-17,2.98635754337593e-17,9.57474357462061e-17,1.91070869151502e-15,4.03107932616156e-18,2.34867415973012e-17,3.39565112745149e-15,2.00721272478394e-17,4.67676900970436e-17,5.88180465592677e-15,2.16525785377538e-17,4.43785504454299e-17,1.95073176704545e-15,1.6560399369962e-15,7.86200081941409e-16,1.39184432086656e-15,1.78443676483217e-18,1.62421240246327e-17,2.34978309161628e-17,4.54217896637735e-17,2.60127417751514e-17,1.03448040028219e-16,1.50509601597065e-16,2.18988867452714e-17,2.32651640485076e-17,2.62752733526668e-15,1.23957956925376e-16,9.18789948219404e-18,1.97084917704255e-17,7.16439079740256e-17,1.57174451443003e-16,-28.024
4.50292370903847e-15,3.6401304453209e-17,6.82362776376822e-18,2.32168713320548e-15,2.92555605194955e-15,3.83213002049559e-17,2.8423152538229e-15,4.77052495353866e-15,1.79274178754961e-15,6.80510204242015e-15,2.26959268353527e-17,2.55584473371744e-17,1.48913183888059e-16,4.84108983724455e-17,1.30110041054782e-15,8.44166664394668e-17,2.14436175033656e-15,4.45164717499837e-15,1.06915662252141e-16,1.73223135271468e-17,3.72598410132684e-17,1.62897232397276e-15,1.78961612878235e-15,2.54078513228725e-15,1.03912463611266e-17,4.55310518853525e-17,1.94908567378266e-15,5.8170060712549e-17,2.35982598252633e-17,5.21340824592675e-15,2.95890611814648e-15,2.20435799241012e-15,1.71027615266347e-15,1.88566708642069e-15,2.85000750275928e-15,1.42719517192975e-17,7.75270260907805e-15,5.64224859635633e-15,2.66319175209418e-15,1.0982831535157e-15,2.16063800950387e-17,1.08694571831276e-17,2.92328827130709e-15,2.83983860571862e-17,8.07473186711727e-17,2.70761687371877e-17,2.46611780283706e-17,4.29893142452843e-17,3.16170341611029e-15,6.1112367119647e-17,3.20499725244363e-15,2.20282520941757e-17,3.25632475042409e-15,2.13042242058765e-15,4.13141871510916e-15,1.71591021251967e-17,7.02416465736484e-17,2.17328602621821e-17,3.25414832545645e-15,7.50596876054947e-17,4.18818398906057e-17,4.81530358359411e-17,1.5390073108776e-16,3.82376741622695e-15,2.23533053237377e-15,8.79619548560358e-18,1.09890673781292e-15,2.44151314792998e-15,6.63950134220976e-17,2.73137399095323e-17,1.10124718029592e-14,9.9143400078807e-18,5.41382988204942e-15,2.77016007119423e-15,1.57033065093817e-15,9.50076698946199e-18,1.67432795996926e-15,2.78279027843682e-15,2.88084753130688e-17,2.73929506269509e-17,4.02468160929572e-17,3.92438514380841e-17,9.59117899255432e-17,8.63907755180295e-17,3.92669902082209e-15,2.3720638209869e-15,5.66007678660298e-15,2.89029128334225e-15,5.02088214849841e-15,4.54290343943424e-18,2.4701350095907e-15,5.21424728226209e-17,-27.774
0.351984064622507,0.259784381326909,0.193197294452437,0.257171080693909,0.230215391816186,0.314078036798946,0.201373238273832,0.425806373690723,0.157503295666081,0.391639019942517,0.19300118422036,0.184873356293882,0.295713423704831,0.200589643652566,0.151061300161315,0.27111784428841,0.446046026648607,0.355024043969641,0.334952770121096,0.227704580329407,0.295307194061389,0.164661673127748,0.357743444748804,0.273006865821926,0.237328350518598,0.142988172231185,0.259265940943693,0.216677833438352,0.290636759454806,0.4064861869909,0.281993413435433,0.283621434564072,0.266794187025029,0.196364005144794,0.332169089446401,0.162561879542194,0.411786871261652,0.365872357606983,0.174871117926803,0.306204219802398,0.325277132073613,0.231593281973918,0.234649631159294,0.216340205988357,0.246611675668451,0.311132030854106,0.283069184789723,0.196281028979802,0.255734280628299,0.262850684726306,0.268616585177925,0.323074303694169,0.189131560570621,0.18949014849363,0.191352540539562,0.173717909061475,0.296212694937397,0.17547346281873,0.313632677159795,0.412389628987678,0.218328237880476,0.307321149149519,0.316584412977819,0.277727412942286,0.263639766590991,0.258941438653313,0.282558807412931,0.498866440535814,0.207787002252188,0.272255634263453,0.332417137409868,0.131160151149451,0.486764717490511,0.245562468218256,0.244497729455187,0.18768346355736,0.135860794951367,0.158863947047415,0.247374630151433,0.313048762401052,0.154715000579242,0.270451554371144,0.38261028108604,0.22221956225684,0.359811033241,0.300022888681043,0.316879203722237,0.346393848633693,0.397532920891925,0.210540681459598,0.351821206365062,0.326502236976673,-27.524
0.321795629605756,0.239148325246564,0.178053361949315,0.23027680273496,0.226790162155026,0.306687384229556,0.190189904010448,0.421210897276223,0.132167385580611,0.359526826060039,0.174511313605756,0.170799496460267,0.287447375458853,0.199282693807532,0.137741431818373,0.253980393753746,0.389965545378564,0.321352098073616,0.288689315971066,0.207387320705738,0.247136311796661,0.152959772184607,0.331687636636755,0.243915779108905,0.220220257814889,0.120490250087832,0.247917225243649,0.189281161903058,0.233615238476021,0.398483879141806,0.258883454241686,0.264870060122639,0.263773718608299,0.187844489036358,0.313168730978285,0.14496315176048,0.358631393697395,0.34047591404931,0.165075457592694,0.30819533494854,0.290590553670477,0.233224327693663,0.221497086752396,0.192237250526399,0.229298532837477,0.276668400148693,0.272255717978692,0.172939647950066,0.230131216059329,0.238546299138051,0.253868295953142,0.300402186524612,0.186220723601826,0.194596889540668,0.178595589607486,0.149891898813311,0.282558264540802,0.161003790029302,0.300176193115835,0.393486042140542,0.200556610905197,0.285304888522311,0.281869367302435,0.24447161271,0.245585703741012,0.249777030994712,0.266905044360301,0.477729617170344,0.19576145188527,0.238749560113405,0.283750449914189,0.118930565848344,0.441737600626132,0.228868256943876,0.207068967215193,0.185591217607209,0.126427663717376,0.15273388776041,0.23788156446444,0.279695695765424,0.150272475674031,0.251930567738525,0.357177466859201,0.187197661220254,0.32809649122948,0.276934511385822,0.282902920246329,0.316686536015063,0.363158502535083,0.176917489115996,0.308902852706516,0.295055634073068,-27.274
0.289127159959422,0.222734472762262,0.169927796843318,0.210466560531005,0.229718536357865,0.30225757786817,0.185985488351378,0.408354134895012,0.110980946193081,0.318967602907247,0.166341338805593,0.164790113714848,0.293478279810817,0.196632451008739,0.13349280892755,0.234726455387972,0.340902128855071,0.292572832341683,0.253754747433508,0.189035919138286,0.206849466568409,0.14854113712339,0.305801047617669,0.212941312893275,0.20835716835255,0.112001885336694,0.238317160456797,0.173169453296246,0.195864901188014,0.396143790764714,0.236256187090363,0.240543261768555,0.269331365984033,0.189458916543258,0.299079017838877,0.131907694547406,0.316809834338377,0.31846130435005,0.156338510758919,0.303048811900539,0.263583954830944,0.239551038368096,0.209404123956556,0.171379151560447,0.21627000778286,0.240632192533668,0.26544520499034,0.155868293535696,0.21280294065973,0.226936198753262,0.249692161775909,0.2862386246913,0.18630070259859,0.199598892382054,0.171406706419152,0.136412390965364,0.264778450671132,0.151413949423411,0.294930157821343,0.377062777170048,0.183858996035883,0.25939760683905,0.257212710565572,0.213971986703639,0.226527458669576,0.244100768623745,0.24906438659,0.46400921974529,0.183443562344498,0.221143575803897,0.243825499485316,0.108793063283874,0.395941230637943,0.209230363300021,0.18191239596984,0.186475231826777,0.119247531630494,0.157395196527569,0.240463596771389,0.260374930636459,0.157884059249202,0.237968209526764,0.337170405229659,0.159009098419558,0.311413927181289,0.259454680654398,0.257444945095133,0.282730712996874,0.323066555863273,0.157546736261481,0.259791640618637,0.271355066292598,-27.024
0.266367020173153,0.219159053254486,0.177757330983882,0.205298119370192,0.25265229824335,0.303030051292146,0.194489140626842,0.410166440344423,0.104022882495302,0.289239720891853,0.165434218703398,0.177593626605564,0.315827993210567,0.1974315098473,0.150667458868114,0.22712419743834,0.318394263695276,0.281430528564101,0.247247171662195,0.177432020493226,0.197015658539055,0.155946112095473,0.290734183088363,0.194156674946959,0.222127060611601,0.135328556028482,0.236027527369367,0.177513855792189,0.172072381242125,0.410744581684527,0.230972888875498,0.22883780917123,0.288920227698659,0.202583439509905,0.303180161360531,0.13120985458247,0.29909122282634,0.31295938223347,0.162630053809327,0.310350561820585,0.252141607523355,0.257959119516684,0.206058814048478,0.162976649673527,0.222499683793297,0.220314724973253,0.266776593838385,0.153014635471103,0.218021747369733,0.231914114966779,0.268976554519992,0.29121102508011,0.195884942412829,0.210069240540912,0.179673815424396,0.132012161988358,0.255219130308614,0.147384339097463,0.303555809938344,0.367909313614833,0.172420772762343,0.237755620270763,0.249994096492462,0.204978661650359,0.21681789153872,0.251551506166422,0.244721247209788,0.448429826474151,0.177831592458667,0.22406550067347,0.219331780893553,0.104215200330024,0.365420361112209,0.199771056467509,0.17094636207637,0.191421508503106,0.121885145806241,0.169205086501197,0.257485839429342,0.259485206869404,0.181161896804019,0.23415142297661,0.3228614548909,0.157858400441198,0.307318572284218,0.260885759521167,0.249689739031507,0.265218100146203,0.293131053750941,0.160694744407334,0.224274418007714,0.257994132308065,-26.774
0.32085835396512,0.235937769912614,0.197519540404188,0.237945671523352,0.299176092920634,0.310555545121505,0.220424710748736,0.413837807437278,0.119613595137021,0.26213658027779,0.176771330198234,0.226607305141533,0.356602333840977,0.199515465065609,0.188894718751185,0.227893863224932,0.324285746778722,0.295835937217402,0.26039889517315,0.178714629866912,0.269217664264821,0.171705449522202,0.285178522526611,0.187144376663936,0.274996937621473,0.181421610102565,0.24532111995737,0.1971667022889,0.16688743681425,0.449406320801154,0.243067915228378,0.238093466736413,0.328644162800644,0.223919144012768,0.325021369005997,0.140710664833896,0.302063093570469,0.329781177171718,0.191152745675486,0.321032675383554,0.269697584623554,0.290602673238112,0.219585699731633,0.165132895228216,0.249430553519299,0.221371128521684,0.286496853947894,0.168083337735696,0.24856063352144,0.245760529126884,0.329559597420887,0.311354773480828,0.215864433753173,0.225333614222275,0.218952032909464,0.137472164795484,0.258308446414186,0.157322104310733,0.329844894650575,0.374270858709328,0.169565586817872,0.22505916599325,0.255792797652688,0.228803648524449,0.228281743164515,0.275196154108177,0.259289413475213,0.440914424437827,0.177457101528897,0.244488631489341,0.222115857672016,0.116175336550175,0.357265855240404,0.200344384802109,0.210090939938979,0.203184100611804,0.135326204695998,0.188920004003434,0.280970581856889,0.280385736761097,0.221107792701301,0.239937203118379,0.321544352350067,0.204477202503863,0.310613517506413,0.277402032659698,0.297070964821125,0.257049757660206,0.271177241938272,0.17755956268633,0.196442025730285,0.257155132131202,-26.524
0.387376171890476,0.28881521918013,0.234065117354658,0.297682109868458,0.364374383176901,0.328562108621968,0.264431523404679,0.426440637227311,0.151648440014704,0.240857573379421,0.196522231439964,0.310967922682413,0.406708899384041,0.206872279427618,0.245941896720561,0.244285076809317,0.359305431996605,0.330467387473319,0.29222812672273,0.192851584010511,0.349074124388078,0.210109631032579,0.286471333740257,0.241628363539583,0.348257672410241,0.234114577042497,0.29042298585255,0.230460477173313,0.174112246233485,0.502010944072663,0.275632688311973,0.274709923684756,0.387041350241122,0.25360424289815,0.360376366956151,0.176244784646298,0.327555028620817,0.377359411092387,0.234350495509988,0.343694102451315,0.352993531287915,0.347422697688575,0.289816372935415,0.183335244257651,0.291005918237565,0.261942070837166,0.328297417945297,0.196615034501951,0.291852423519828,0.270219131673289,0.419038681230134,0.353254791369822,0.245901112614548,0.243598803540471,0.290646659737558,0.152368768394913,0.271841489140667,0.180412612738071,0.377101747120723,0.392567716934904,0.174928157615126,0.247049659414615,0.296674888153027,0.279760629558717,0.295748068707852,0.319858114566491,0.30252454457308,0.444664877603491,0.19052829382716,0.284615576524846,0.278877360644128,0.149763495444846,0.394270624871739,0.212696423192589,0.274504701503106,0.225030991440797,0.157947178763843,0.227001865055325,0.307570506955736,0.317478122697107,0.276949961088627,0.255186191661841,0.331020911721069,0.25927152155067,0.329723973941177,0.310708165242357,0.389273366064685,0.260692780276683,0.262486297098838,0.205150780266656,0.188429986817065,0.268537458072829,-26.274
0.37640024581208,0.312332048076585,0.24296347599889,0.315764530229268,0.379349705829269,0.27649019378536,0.266904240064624,0.362259391537199,0.162483118195675,0.21274818925482,0.188353809267626,0.350353282661231,0.40634821985843,0.196231049840376,0.274751028815343,0.246427137790888,0.341172267704908,0.326514826249499,0.262548521366164,0.191674797250191,0.375503300167534,0.224582751317961,0.240966548375175,0.270760320563962,0.360770612973049,0.253404002208398,0.31373617749916,0.230946626174267,0.172792697479069,0.491247872884258,0.286537200075257,0.285276139759364,0.392257404751605,0.23765109357336,0.333481675350489,0.194562342421195,0.318479046001036,0.382839311061494,0.230229859176992,0.303321868656562,0.377331888813537,0.35727864212134,0.31547567223457,0.177512722923414,0.277943047969106,0.266438356371995,0.334503794086472,0.195304949084443,0.294772628872604,0.247044064947059,0.427628716068424,0.335351688008574,0.240956910293265,0.222414123388538,0.312686068001745,0.140251938183953,0.2464515733179,0.183505074740539,0.374704689570619,0.35614894447735,0.143666013118564,0.257711783976513,0.277300613342435,0.275804462207125,0.304322417755393,0.339316661629797,0.307463983747781,0.371465475774772,0.196929855299149,0.290747848892964,0.281291142632506,0.156511769532048,0.382031668663304,0.198581196789957,0.293726352665512,0.222112482107379,0.162964432555421,0.237910662044623,0.279731288064897,0.296252524663978,0.295111508169012,0.233913375127451,0.270009215303354,0.276620993580475,0.294031208119631,0.308796949622542,0.421177951799342,0.242789581805262,0.227679207311801,0.188997841866011,0.189745021913884,0.249466242810369,-26.024
0.359639844604004,0.329413761204021,0.263782714453336,0.339614048157006,0.404806393837033,0.292768718745163,0.285317964639544,0.359118972294962,0.181171044326317,0.220431604056998,0.223002875016706,0.386428562562526,0.450304584387432,0.20130972033972,0.318110651158765,0.272977269844524,0.348820227828521,0.349629714522295,0.296955753129289,0.211104751853034,0.395496210799138,0.241524052409414,0.251387000571511,0.300406465144791,0.375315441795299,0.284672012809068,0.349314086767017,0.258304281600394,0.181419613081419,0.494416753184361,0.297942675243377,0.29149262819584,0.407953726815525,0.256968474586057,0.342684243311406,0.224045618220888,0.327886020199598,0.416479848026087,0.237207272233238,0.311464057531141,0.405899172270233,0.380762911861098,0.336520364360384,0.17762057136407,0.284389142459784,0.277996645514309,0.366357587294734,0.200639929234428,0.315910935481773,0.265053836346016,0.444230217419379,0.327502958070097,0.261564430222215,0.221975454311408,0.330642516014209,0.152425565430114,0.255490927570996,0.183003305885379,0.411379925803453,0.37690679959512,0.160782907721711,0.268090577933873,0.280021270253018,0.291300123833758,0.308263014183202,0.365708410467832,0.321260544687984,0.389815096051033,0.224391459167525,0.33647155518133,0.279870696848464,0.166796340609898,0.373975269758269,0.20594626326094,0.313672433817816,0.237918173647947,0.173569219152594,0.271757983811432,0.282734805133871,0.296727766636212,0.323703440608175,0.246121656083373,0.305465615730127,0.300302481266581,0.302303807660369,0.327004559091583,0.464976746782989,0.241688784071414,0.229277069451721,0.20461052259972,0.193344984113129,0.264330476890374,-25.774
0.361100238128577,0.355121427835988,0.29204110253284,0.369863313782607,0.44126302662061,0.319517447369663,0.30882696322603,0.359786348424878,0.205869528308809,0.234419477962406,0.265943406490841,0.429888025974826,0.510190878312364,0.214771390190757,0.37293005667055,0.309106983813258,0.35474527680682,0.378192113884952,0.340769996743013,0.236709888997096,0.428456882803691,0.272617430244696,0.269939370648293,0.343983384366821,0.395691671985557,0.329430841674731,0.393845737280366,0.298846081827305,0.19805345522474,0.504665747828559,0.318298545765246,0.305641485804673,0.428716356811638,0.275557889892174,0.359180973488973,0.259365757149277,0.346060017830525,0.457919641873309,0.251989253529467,0.325288766770442,0.444997751179207,0.415024483791822,0.369469976786766,0.186896521777779,0.298291694465234,0.30069151715241,0.396892715774228,0.211145820939155,0.344964952720865,0.284332280342156,0.467503668063292,0.341652186279867,0.285541931821885,0.227887020056964,0.352618405023191,0.166767273991817,0.269030586150213,0.200390197812907,0.457766823625638,0.399164909805462,0.184746850914972,0.286562772630733,0.284904076397586,0.315783874019031,0.318284823237258,0.401199541117223,0.341695262974639,0.406393985382903,0.259395574777608,0.38613863991625,0.291031023856164,0.179480872002746,0.379912834597575,0.216199449722804,0.336068338506484,0.260863355141899,0.191889548508971,0.312432726862231,0.319829514926234,0.300603112015926,0.359061880495628,0.261279175434231,0.338196377440557,0.329604120020719,0.323499895745615,0.354949158028718,0.519919965612493,0.247106394437413,0.235250817541782,0.230468635830521,0.204076718508687,0.287061480125879,-25.524
0.375411673404367,0.38496687567732,0.327964788157709,0.40653710077586,0.48139854559442,0.34623839039703,0.351126454018233,0.402661417173157,0.234262524907159,0.250997540347268,0.317957733009651,0.474165171018455,0.571221598098819,0.231981434377667,0.433709320578083,0.356471441105467,0.362883032919845,0.408985215639429,0.402350800798107,0.273666311559382,0.46819322452691,0.315831471522159,0.294872699490422,0.391197820036686,0.427216005191337,0.380576116113689,0.446115132825161,0.353799307828893,0.21912997072221,0.519940230475596,0.343025147990055,0.326725109879848,0.452638445160001,0.301050672415331,0.37604503709512,0.302039363205696,0.367095027516137,0.509772548529177,0.272178378336375,0.34550169413712,0.49024738122972,0.452228176119265,0.412372733302189,0.203143215824585,0.318750678207649,0.330322152417407,0.437947098328738,0.227593545471875,0.378264948867626,0.309817948725165,0.503471313094749,0.373379504368335,0.315829309912062,0.240561487281963,0.37313706525125,0.184931119163202,0.289015591121586,0.22414365942191,0.509102472892097,0.437648533865749,0.224768699238218,0.306785728522372,0.295729487023051,0.352208008605346,0.331216786209831,0.44461383068975,0.369231267187381,0.430311461021041,0.303481320911727,0.449953974968328,0.30880023675314,0.19623259049337,0.390913372357936,0.231810325818823,0.366558845001617,0.287743304909756,0.216349239079344,0.362782141924588,0.371346465951924,0.309596567699533,0.397883222324094,0.286385501529083,0.383659478638895,0.366730693995834,0.35210627659381,0.388627660490896,0.590953802674618,0.257836522655356,0.24513041581633,0.262308660137787,0.213428845344756,0.319126570012887,-25.274
0.409005493425909,0.423847122478671,0.364876277939216,0.457996870563384,0.532573320272884,0.386807356400482,0.41151129302677,0.449383009008188,0.273685401715499,0.275122468648978,0.381068102891086,0.528177166459002,0.646011868837636,0.255523193428262,0.504436976841109,0.415637460158702,0.383992198063744,0.444784428186541,0.481641304647657,0.316893060908108,0.520246795314212,0.363888561727037,0.322574337341576,0.457634949785703,0.461459360292298,0.445436552618871,0.515997111475515,0.421368456843268,0.250215797480906,0.534890101652008,0.377128751361567,0.351044745272068,0.480885081708688,0.330010503455747,0.403060591168763,0.351577940052676,0.397824675348436,0.565557167606989,0.312167104013716,0.371540409261957,0.54228798226552,0.493414903048898,0.461841844307465,0.233338816762675,0.344048531193306,0.36782242669256,0.481493582139241,0.252332081563239,0.422840266221281,0.340079681197499,0.546404553375364,0.406500128314776,0.358755510141292,0.265442222477522,0.396288171388818,0.206333209118833,0.315233077464978,0.25919929254582,0.566986348571837,0.477091767079163,0.283590534505543,0.329142149149299,0.312495882605963,0.405858978373555,0.351562141958819,0.490841247229814,0.399879772037373,0.463013050486496,0.359244520032174,0.511893909939477,0.341662338582791,0.217429843837614,0.410934290596309,0.251207180642071,0.399813179407326,0.320570511941435,0.253551344684137,0.421533611042796,0.429329130702078,0.322059023308072,0.446738483116587,0.320770959902596,0.432137883242027,0.410117255763388,0.382794752196351,0.429353477694129,0.678807302334091,0.274550925106423,0.259738178645407,0.304515109493066,0.231267197480781,0.358749554288972,-25.024
0.39506391300033,0.418795270428721,0.364784668972791,0.45863039166029,0.534004467864196,0.390399493217502,0.431922757868459,0.435837479854302,0.285835466805012,0.238579106161125,0.397732547970423,0.532664084670151,0.640740769849164,0.26592490715744,0.519222279552672,0.435114162108657,0.328753047141101,0.441734896156106,0.516059246381096,0.315140496900327,0.512162552922209,0.384282528058347,0.332393258432575,0.470014788823479,0.430381383320604,0.46590284238322,0.547775674047344,0.459248965789489,0.252157300205852,0.506550030365788,0.378202517657877,0.359511349831438,0.491435514067533,0.313854745619897,0.396797485279404,0.358935845241365,0.392667164905219,0.561701355495023,0.3197370098854,0.372716516103619,0.525360481615884,0.49559864059114,0.481730366427443,0.231224016311858,0.327797558369238,0.376807588051997,0.498981380929885,0.253285834362238,0.41294014946494,0.332920919155395,0.518240552267121,0.393558657729365,0.377152208574731,0.258509121287402,0.381767646017351,0.205600971030587,0.318316744046136,0.272816268390766,0.57768667911436,0.488207438499191,0.322959674371821,0.309192327326165,0.304431410775442,0.425669478635502,0.33887553012141,0.489433301987787,0.393775950298656,0.462196026206035,0.38888818780203,0.52842015362005,0.346598680244474,0.228008825698679,0.390707577229037,0.260810063775196,0.397895759668802,0.331026749630609,0.259265935130249,0.454285283025047,0.447150557049234,0.298431709967942,0.461514669197509,0.335684541061447,0.431961418591104,0.416157129221017,0.377212575908962,0.429188881950945,0.670876871952291,0.266876165926282,0.252894444147632,0.316691754598998,0.226366630732257,0.368335905781105,-24.774
0.428498937819854,0.431605700205548,0.38550594261742,0.494862310621908,0.55810702661732,0.412151415436939,0.46931566461317,0.449236763452102,0.308189071609955,0.250966355801823,0.44735879885964,0.562705310794025,0.654577951040822,0.292104490411284,0.557259441884591,0.485672278055929,0.337293494445314,0.46522015933695,0.568165054181108,0.352174177340941,0.531197623107003,0.414110904521768,0.358532554113057,0.507915279039894,0.448874620650709,0.512496289745168,0.59991031324703,0.506533425287232,0.260998572476814,0.523467560253723,0.404813426887483,0.39074625151858,0.515263770419194,0.330760604826055,0.402128170809035,0.390665281600436,0.404727683869596,0.582689457790019,0.337375708433756,0.397544250380604,0.5562592393453,0.513987025424608,0.525541339819593,0.244237822752934,0.345889062390165,0.401268576189251,0.529873594089536,0.267936420782196,0.428237100027151,0.340113697406117,0.547705856927664,0.396768842497145,0.412741408023696,0.310563623004493,0.38875248258001,0.226169570149908,0.33504945262599,0.303953758175984,0.607241785861824,0.515397823505967,0.371653019202055,0.326446382220449,0.313706203182389,0.467004762136196,0.387531545117001,0.514044273771766,0.403766334163092,0.487097262894774,0.436544160451927,0.559208400928925,0.362271037317491,0.251729758955016,0.398507641467344,0.277868469277352,0.407555915673559,0.355787953606409,0.283332247146972,0.498804970129642,0.472397590738069,0.302123402475654,0.486172606378403,0.368331187028756,0.460006993679015,0.431870317407348,0.399688142124353,0.444324445834503,0.702946130992008,0.29139065481391,0.256956828006912,0.337621395954616,0.247416982792056,0.391604483350581,-24.524
0.471053643400353,0.449428399265006,0.409297116887463,0.531761550766067,0.593568212680039,0.440381194939817,0.510827171670891,0.464651542561164,0.33736890564423,0.270693041572071,0.505112158765224,0.590344052993234,0.680052986650735,0.319303307421708,0.594155998223605,0.552693965191263,0.353979127200812,0.490925376839648,0.628737636022827,0.397367622194164,0.557671507720259,0.46032488262629,0.394554164023874,0.548083567065821,0.472311976604364,0.558458793093228,0.668406606113754,0.565964662602271,0.279967408702985,0.541142705579604,0.437765413664082,0.427461011636429,0.546921398504529,0.349396252005492,0.43036363240333,0.419803627174778,0.420495094168313,0.61112360478956,0.354101670248264,0.422485886216376,0.584420249012626,0.544520040796367,0.584043888003893,0.268139207817564,0.367757120770271,0.433955213144295,0.55913348408467,0.284351621869506,0.472104016280346,0.359781267836072,0.588875641326028,0.402235410777385,0.452942944411426,0.375632541862131,0.3978487568678,0.254303025260454,0.35225895862233,0.344812630654439,0.642429722873152,0.550128424467553,0.423125500347603,0.337617927144364,0.335083079407024,0.514370157422143,0.443638874826587,0.544365653342629,0.415855854116494,0.527239430847402,0.481772616527848,0.588647699334135,0.381539560533963,0.286959865545056,0.411249504263286,0.30140090834705,0.421395998476605,0.384715493173019,0.320363887996468,0.549860066966667,0.501644624054555,0.309204170515986,0.511861460620307,0.409845995962145,0.487159694792545,0.453592058014344,0.42535922651716,0.465596764914826,0.74085014976237,0.321014034280485,0.265764566588465,0.366063474417222,0.275391343035867,0.417786338404512,-24.274
0.52160547620114,0.469816825953469,0.432052230407178,0.570484970847607,0.62507308097804,0.469025866566331,0.556765320853677,0.491532624341478,0.36956969431141,0.287614378935864,0.568818755427822,0.622706794730765,0.699801909374066,0.352634243685486,0.639877126828425,0.619642141003686,0.378412860480287,0.524580140736561,0.691458585406996,0.448578986430297,0.588527926077131,0.510266609463204,0.440970797017894,0.592910366679329,0.497190935014423,0.619894737815216,0.744629068496272,0.626912282525077,0.311737609008527,0.577785691232986,0.476649726123052,0.470662018441464,0.575220819458675,0.378507993225148,0.44089358083756,0.457531602461208,0.443758347321026,0.635904302683804,0.375678074206613,0.462210092121928,0.618318987729358,0.567150541692331,0.64450047406475,0.29749938830785,0.393134212736032,0.464592723020262,0.59268375125176,0.303302155439559,0.546609391316443,0.383522699947111,0.635453090979767,0.406602307886426,0.498641047967029,0.450683052028027,0.410077340409304,0.292036416700305,0.376370957610593,0.391750095267691,0.679981259908261,0.583651958882748,0.477699586901841,0.358127399527074,0.382518079185511,0.562333339934037,0.505719476019746,0.570493939832428,0.430002809389566,0.584270136169013,0.53015314489904,0.624761842952446,0.413861054480393,0.3396209796359,0.431291274743256,0.332179604769281,0.433091990004732,0.419277455298649,0.357087760238324,0.605614543125956,0.535212029787308,0.330681053262686,0.542903091184648,0.458925977454584,0.525917618871081,0.483992479661853,0.455170346198999,0.494449574277027,0.783360309690703,0.356071661054223,0.275081793835474,0.398782627700704,0.304903806889365,0.44530109512632,-24.024
0.573694887925043,0.491803727922116,0.46279451625258,0.618892053063257,0.660325324701609,0.509438857900953,0.604571010007248,0.515157216593259,0.404725738455435,0.310697675640923,0.630900463361916,0.670894717006498,0.727005945172736,0.388432383583838,0.686735848786874,0.693206002031437,0.405733850317822,0.564116132339816,0.761486772774447,0.510807816257402,0.621483094342837,0.565739680548488,0.485065545146399,0.650451027923501,0.525123517990607,0.685304583761793,0.838132124187594,0.695951364280286,0.348449763331894,0.644923249094092,0.522673874079554,0.516281962046042,0.615620130002032,0.409953737942408,0.490058927857744,0.497330494032973,0.472920156957329,0.672732791030876,0.397338590010951,0.519513138637962,0.655870341467279,0.600645033115044,0.7105477806176,0.332014679173249,0.424577988045557,0.50003586177383,0.626334091699792,0.320478638357832,0.644135677481997,0.412265657713548,0.701353516028476,0.42928815365965,0.54492284809564,0.529765598882651,0.424258418246433,0.331884829625875,0.403267616928688,0.444122448579366,0.725922750336026,0.633418232811794,0.540662454078112,0.388716182656296,0.433077817153151,0.620672885644458,0.586172858127818,0.600414877581699,0.451113349698332,0.655616396245859,0.585253281634297,0.659871971199404,0.446078872762806,0.397143381753107,0.455391055943459,0.359381023682655,0.453892605124684,0.459978146791411,0.405731842126963,0.681712098052897,0.577413911080418,0.360497652912205,0.573072843152443,0.509476737049676,0.564170217081489,0.519481361245437,0.48985004100185,0.519643059521064,0.830080606142038,0.394917463823458,0.289108783566073,0.433032067643715,0.340112421389343,0.478722286867351,-23.774
0.642242276144255,0.526723751738207,0.49655872143499,0.666809119238362,0.704555489991243,0.552613029614364,0.663669032156913,0.541496817325592,0.446834201836932,0.334251222413444,0.703924975329214,0.718975818846601,0.757332154681181,0.4267876814418,0.734216105443861,0.774208369946347,0.442000238202825,0.606463361237833,0.84390285532046,0.574708643538158,0.654151347831519,0.630410498679805,0.536439833611733,0.713300477261203,0.556418550862067,0.757825516248918,0.928025781256213,0.770119208534941,0.390308664352345,0.702754978310926,0.580358394454996,0.570773165627387,0.649426422054972,0.445176966912323,0.539726211175866,0.537691745506629,0.50939152258649,0.710961066961073,0.424319826170737,0.590815628188225,0.695769551556982,0.630462726399886,0.780976886982771,0.372114613962995,0.460842331664867,0.537799242279927,0.667461822377756,0.340502448203945,0.74214072321698,0.45924927244698,0.77382588254883,0.482367634947607,0.601062027578484,0.625095553650017,0.446554951345566,0.376879414648217,0.435082617585077,0.506424497035093,0.766708570141338,0.684760910768129,0.608951713751008,0.420347754226998,0.490449268497058,0.679808178721091,0.663681590311543,0.646359793293437,0.473288243385554,0.735900210675751,0.648507043235821,0.700797577116502,0.485064570724348,0.465324027745047,0.509955834811668,0.410590889490204,0.496664022769194,0.518890457575165,0.463725611561574,0.754997112751318,0.619174456466261,0.397911012297936,0.614575569318506,0.566426302950432,0.613273062809204,0.557665212199079,0.532946801788393,0.548178035036896,0.881799350946564,0.434586449763226,0.306762437580953,0.47519424035995,0.379320835924374,0.510514937999902,-23.524
0.682185714606679,0.524009310387101,0.503996277451486,0.674915054947322,0.698096010425315,0.548696690535695,0.679616842964775,0.529029391489071,0.461617322806432,0.321885095865627,0.741094814056281,0.734245153638971,0.749836846506046,0.464348440207879,0.763811053247709,0.83037969293465,0.440071874850082,0.621223548459089,0.891559002296112,0.619580089281762,0.653961564912742,0.668582086275645,0.571024223421634,0.728092335767382,0.53312924288515,0.791253122809686,0.986342172002196,0.785677561269517,0.416981820553471,0.747261593222127,0.610390391682001,0.610291997722821,0.636706174248464,0.453752334219393,0.555014359688528,0.554217703093284,0.524681597387202,0.680936484584381,0.425004658885211,0.64700914736648,0.695735526469416,0.629966625884976,0.812064831402443,0.396424492505732,0.471520949272947,0.541176532208132,0.656343107014664,0.325917000544181,0.813860070707405,0.493159295036075,0.810634166885237,0.510585005162434,0.613325985989755,0.685978230555828,0.431587375280415,0.404046699718859,0.434228217380237,0.555664238475189,0.756694877419604,0.718787865571374,0.651957726674944,0.420199122099719,0.513595934708697,0.716228746272513,0.726100303778864,0.639599002843152,0.464797258186817,0.796703665324451,0.680614084964672,0.694308899169086,0.511717326635527,0.532401046951663,0.554524243822477,0.469973785641071,0.527097894605929,0.569108133521352,0.506226803138747,0.802865521488619,0.635624598214911,0.413007694093581,0.619668496015929,0.606731924783693,0.644749873094486,0.57298331641606,0.522547128744066,0.52768102879311,0.901838709547111,0.44320716210947,0.311723716926011,0.49013323828772,0.407364479789103,0.523229634913607,-23.274
0.71562941929672,0.5569376400756,0.539773421717031,0.714354989462408,0.716369352062918,0.582738490528553,0.717006275940774,0.552170736636452,0.496058614692888,0.343454819832691,0.788121195751356,0.760531314733632,0.770760834722846,0.514783659505468,0.812551167425101,0.901897562319668,0.480056422486,0.664941111339514,0.932479345565908,0.661784724497614,0.673540712767582,0.678062183293759,0.592616417021565,0.785212350850144,0.547883012586351,0.847601333590047,1.03281592368665,0.806596427305107,0.450923938695673,0.785038271657533,0.676094888807218,0.660688218184272,0.683670066439066,0.451770653609802,0.592472333605337,0.569963977753032,0.553401237710496,0.735371476930542,0.451262602973649,0.668135574650462,0.720602215230942,0.663479794047297,0.859385243460937,0.408380089904938,0.510385360374217,0.584863897318188,0.672792329271676,0.36374761007716,0.841439931067586,0.536082784569295,0.850592849659144,0.525679139381258,0.642781347710842,0.71910791248239,0.442913925241201,0.440579785233776,0.456185717891606,0.580483391265194,0.773296769991499,0.737924047801807,0.686164265770412,0.452986939827362,0.528550466055265,0.72982761202856,0.765927442625209,0.67735570039896,0.480562323288722,0.8312793816764,0.718960358229783,0.72051971690094,0.537188240888745,0.580886465021908,0.566729443307077,0.518364880078867,0.596052487209272,0.609438787087986,0.543141845987051,0.855594356283225,0.665378553385196,0.448103621139953,0.652707635294649,0.65579645199643,0.69996519045523,0.613170637593022,0.546823473662181,0.571424603333466,0.936875891746332,0.486930064365362,0.33921999887591,0.507127036300071,0.43495513085931,0.534516237544675,-23.024
0.755986041254057,0.588027404144711,0.58259348400392,0.763522769073601,0.73989470903011,0.615281006697732,0.756142418720711,0.576580479072579,0.534680041770571,0.377351120224825,0.85112629179,0.789056383882157,0.802537275806962,0.575656248452142,0.859168298578602,0.972843786449115,0.519151446874618,0.720520907264744,0.974722648088723,0.704125973951345,0.717752527816069,0.698162217057068,0.620225263555128,0.845066780246594,0.564200052020151,0.910544763832402,1.08414304928829,0.831749972412898,0.486394998790109,0.827222538055206,0.743988372190574,0.706387821984087,0.744419179712844,0.457598297589414,0.634536618200586,0.591577738301816,0.578547362143893,0.799491912798449,0.487233987416068,0.682944785500585,0.756978832229001,0.698444839731869,0.913370150351788,0.428292682569615,0.554024026596085,0.626450849740378,0.684279233136408,0.406536549675221,0.881255360796558,0.573535163239695,0.89730300297558,0.545027687287678,0.679662970696106,0.761250499778261,0.46347262737527,0.482150905068016,0.482447597567192,0.605003194157848,0.795880793781579,0.771936836991364,0.734332923035847,0.490193308628527,0.554253697857859,0.767738373770555,0.806517149924512,0.718085034211877,0.50063164273095,0.862472451740532,0.763221555985709,0.749054543983872,0.566885786906189,0.640105927833883,0.58538061564884,0.571794566611662,0.675111292100276,0.660694653438999,0.586054334298705,0.92335330978992,0.701357928906298,0.498032550357799,0.685431626053878,0.709070206502166,0.763397372225857,0.655502416986843,0.570155169340871,0.611797991829948,0.975027217147459,0.526013923765347,0.372154414973246,0.546939186581068,0.47171777887676,0.539054159910822,-22.774
0.791708013389615,0.625700186502894,0.627661963008529,0.817953322232541,0.766650047832454,0.658796520710905,0.809855008382997,0.606065844183013,0.577094002305629,0.411006897281365,0.918472668388699,0.819569395535666,0.843181791339121,0.64406373132579,0.903349602070821,1.0560324618725,0.569007067404794,0.781891521664941,1.02500996042566,0.745802993562109,0.768466219965909,0.716499899579033,0.652897160492881,0.92037594367601,0.588464875046572,0.990881054822025,1.14761823066531,0.867204686137398,0.529219612574143,0.879529731095234,0.822045064790788,0.763556111930559,0.810867982466028,0.45961131937455,0.682633535554498,0.620513217128393,0.614244971155437,0.865643956756725,0.53606289807403,0.703503492442665,0.7882905152516,0.740860757956415,0.970506429888323,0.451720236409308,0.604716220485066,0.691391344862314,0.748486806332042,0.4582383256176,0.918202137964324,0.62446642861367,0.946996440228234,0.580952376388333,0.726517001410411,0.807300519275434,0.487508744541619,0.527219440408185,0.514067214406902,0.641958206624666,0.825413219085228,0.806375629544376,0.783700622072571,0.543098064820506,0.582556721780486,0.803893923521202,0.853196445645047,0.764436896139123,0.526590703283049,0.907598120807844,0.805861482436778,0.784790017265809,0.607211025035522,0.703819851554453,0.61284195693856,0.629767032014149,0.758129946254764,0.71742343923601,0.6362092055784,1.00479727505042,0.7353702290642,0.544424647873797,0.722430980339455,0.76464080361908,0.835759473347184,0.70419069806161,0.600966001282246,0.662759374702076,1.02540591461807,0.569354689683165,0.41231386959416,0.576131068096139,0.50903239792023,0.557126804907544,-22.524
0.836465647598556,0.666871167131378,0.672407937304121,0.872739893007705,0.798202001259268,0.701305504274384,0.857423245987214,0.643654255278644,0.630539617931297,0.446884731817755,0.976819379640164,0.851034039496824,0.87696851082045,0.71415247723241,0.960723007707697,1.16097673834331,0.622844931422498,0.849466817621276,1.07533894140299,0.798701314564169,0.837770346367992,0.740792333284145,0.682278248333512,0.99705241615704,0.626706749694751,1.07165542658247,1.2237991900059,0.921148496419068,0.575206427226548,0.941935145236292,0.914185455233839,0.821798692173966,0.881711584224908,0.461578868612844,0.737010657593844,0.653764158606033,0.64475025069279,0.947775740552316,0.584273665245719,0.734845799340502,0.82932490604778,0.791626948566042,1.0313557455861,0.480734084532474,0.661839486459032,0.754907095830327,0.806383213064617,0.51344061548487,0.955728234460834,0.672665492038035,0.997290462616202,0.633155225283531,0.772791270974525,0.858126798712297,0.520588639261725,0.588961607022316,0.552508893754149,0.676107671758882,0.861049105610436,0.846048587115655,0.838722871395639,0.595434695738608,0.622173814596251,0.834715264751049,0.904351217198342,0.814907774227125,0.559295879757289,0.937426646930076,0.862265918923202,0.817406814147112,0.645934159549427,0.778740194067552,0.649190037950235,0.698464852263523,0.862311420104073,0.783142360213851,0.689606182373691,1.0881541588318,0.783094016130394,0.605065129115193,0.766893277401782,0.838046354464031,0.91366070354491,0.764115439634125,0.636238614133858,0.724799702491067,1.07318934201387,0.617464968289725,0.460729068350991,0.62391986029076,0.546763509310646,0.569158622610517,-22.274
0.891928093887958,0.720319849312622,0.72666461844407,0.947630438629022,0.828912329196898,0.752677378915051,0.919064380130185,0.676388825861902,0.684064604685462,0.492646133441236,1.0546999934346,0.893625669926983,0.926293680188925,0.801289242057889,1.00982023503025,1.24650562188922,0.672763075014926,0.926449534247299,1.13659594943644,0.848588107628572,0.910713951042686,0.775060399895334,0.722778119786648,1.07235306924049,0.667653575459189,1.1549683906494,1.30849725787863,0.977972356863484,0.629399695804529,0.993186801049703,1.01015331992923,0.88827258306075,0.964803649753234,0.468727505190634,0.797945400874518,0.691591287932453,0.688274109774977,1.03189816644616,0.641712934959957,0.767271993080592,0.887860605513937,0.847446545621132,1.09910227664452,0.510059002376634,0.726510032581445,0.841383402433188,0.871572862640137,0.577428997756056,0.992575183176852,0.73849233706142,1.05931062001808,0.704211474937227,0.839326203774619,0.918090046546473,0.555653200452538,0.652525681675155,0.591550362725371,0.714183521520542,0.905207840776969,0.892354955633618,0.903531583832241,0.657795979042731,0.665992133281849,0.872762419266761,0.955787521171986,0.881585624626418,0.585964504480004,0.998218999935507,0.916097181471437,0.85514112541906,0.69644285065101,0.850395204613345,0.685581782248255,0.768145954049389,0.959007937624686,0.853395077416484,0.750401449612062,1.18685147825961,0.830051299486883,0.677047000165466,0.81224344253414,0.907398416478326,1.00102040454142,0.826077117994657,0.688261828954607,0.777544983092628,1.13184716553524,0.669287107944756,0.513884370207906,0.676140881824643,0.588231862201424,0.583937397355763,-22.024
0.94365693192857,0.768789579981502,0.788620844131111,1.02081960969654,0.867801777935974,0.81196962246245,0.98948421800839,0.718207342222796,0.752832025814852,0.546252515892546,1.13790251169536,0.9401082378139,0.9872590564366,0.893424455326483,1.06835297468781,1.3532407127252,0.735393756032284,1.01290897517954,1.20544045622086,0.908655607268878,0.975938254194274,0.810576729916898,0.768314102785266,1.14904915578423,0.723467403506902,1.25506621962161,1.40562681903071,1.03498841766858,0.692061650238069,1.06825499250307,1.11774978403602,0.957534181024372,1.05898912350378,0.477666409992522,0.855405012620419,0.742203837495306,0.731854418801557,1.1253394394619,0.705754451805623,0.804745932130074,0.943300084491111,0.905228369109012,1.17180986336952,0.545007243565384,0.794995414468631,0.920409246937582,0.954215333889345,0.649424068247557,1.05219329548568,0.801411236710499,1.13421682297779,0.779220673904256,0.90794169258607,0.974702409131384,0.605271503696067,0.717608429851974,0.637980813333316,0.758267363957386,0.964096106791849,0.942235760589889,0.975709442794221,0.730122552672694,0.713491898238086,0.921860963243309,1.02508079697347,0.938729363900578,0.631146375921103,1.04720112874733,0.989283225301111,0.888133190745989,0.744459193711311,0.933831075120999,0.729936215196012,0.844064900624168,1.07979806249004,0.923826852246722,0.813818703159268,1.29851600772312,0.879513434601718,0.759168032513296,0.865261873591808,0.983464661441094,1.09337773243652,0.901573868892444,0.736533896926052,0.847898115841466,1.18402212903457,0.730218356910764,0.571729936651525,0.74552090031885,0.639037545181041,0.606326826463192,-21.774
0.999774354635884,0.836895511094903,0.851331868933984,1.10992708466713,0.909110011978377,0.873883975283403,1.06386749016501,0.76635122860194,0.825638429119258,0.59769386689721,1.22777608669796,0.988343738839036,1.04073192949008,1.00481149216933,1.12395095217587,1.48488655137938,0.800832016147503,1.09934014495312,1.26371715178645,0.962105906448883,1.06637099640597,0.859438102173659,0.80757916414784,1.25036620639568,0.7969481650682,1.35793032792199,1.50797437540006,1.10553537882339,0.75804003223227,1.18688162626313,1.23184622727005,1.03483185393596,1.16785805808258,0.493244733993131,0.922252161966743,0.790880456591193,0.779700841974547,1.24520897967161,0.77616662109042,0.87218031867606,1.01637286078008,0.962676384125137,1.24226685726092,0.591494104054459,0.876639882385582,1.02016912214622,1.04962280582438,0.730346198640513,1.105610150226,0.876696121858141,1.18696218842884,0.865195199499842,0.992938695883904,1.04111331157901,0.653870363895176,0.803211099605481,0.68820732915736,0.80784119442092,1.02705325611473,0.996447510847201,1.05752264722717,0.813262088091097,0.766154880147444,0.97613461711107,1.0953538235984,1.00653459476746,0.673915753107243,1.1211660828761,1.06293532924812,0.929757728918908,0.811822860899831,1.02650394576601,0.778705840764917,0.934329591988089,1.21303777128582,1.01485339400623,0.881246776316243,1.42139202339218,0.935359389668965,0.839758831187722,0.935941543164168,1.06390710837831,1.19961667239882,0.976454485826698,0.807352937136093,0.918871802624178,1.28430498649792,0.802013403552341,0.635291795811714,0.814488787062671,0.694178165563475,0.631333653586735,-21.524
0.931767808790167,0.908678028541973,0.868789792973739,1.21157594968182,0.859035038395046,0.859016120745056,1.14407155560577,0.783444978594914,0.881316290466236,0.671172684553355,1.33798125998613,1.01271841449909,0.964830605334385,1.0498722998641,1.13715028986886,1.55200192459434,0.840405025129055,1.12945162703041,1.1777004494177,1.01569372732416,1.09253493589994,0.901640861229081,0.788623157662377,1.29783518194245,0.823534997516594,1.48178281303747,1.46978149133861,1.14793904517361,0.812354754883108,1.21993664469972,1.2954702653035,1.1037454521642,1.16359470164968,0.491806739461337,0.999334024751286,0.810882774348917,0.771684516553287,1.19309820621235,0.836154806653444,0.887913906482048,1.04073948667974,0.889476797907148,1.30404403821472,0.560908383858284,0.929221428860923,1.10537274210729,1.10947723640875,0.708775839333196,1.07650861695204,0.860618407168632,1.24717508382989,0.975533688785046,1.0589393890387,1.04980561869192,0.669921868830904,0.861509470498917,0.725721598675426,0.80779751835439,1.02970017565087,0.97024072892853,1.13422109249692,0.879028548590556,0.774949019539747,1.01949898787445,1.05650638242823,0.974331803279377,0.697975130914925,1.19073674520385,1.14741581198188,0.824251230065582,0.876888366520618,1.11310626677147,0.830309790567581,0.997359285703424,1.28749476682353,1.02825226060708,0.918465305971116,1.4944506134354,0.956639214500567,0.900819729841716,0.998479348990066,1.12062217054023,1.3045790864214,0.955105440714535,0.868942119768468,1.00311439680157,1.37166235642728,0.826987495505332,0.639958586889428,0.902319195868244,0.706114562770919,0.610009956345106,-21.274
0.982080391463767,0.954209832735171,0.926579092148673,1.28618669826909,0.900199968650572,0.915986385818592,1.20830539731771,0.808022648849143,0.928636322502038,0.724071115788403,1.40858773701235,1.02436242695105,1.02611524684867,1.11460845398027,1.15512883362213,1.61621398114107,0.875519525467025,1.18549220435123,1.22610097306734,1.04446555707962,1.1438789578577,0.938482240006083,0.837697994331186,1.32560861532465,0.902667602078582,1.55210934035055,1.54354929533934,1.20148803683235,0.849912717059572,1.25611202233932,1.37347561819764,1.15722370764576,1.26752668920168,0.532473794522367,1.03126934318267,0.841232519895928,0.812703483663004,1.26814603187695,0.88580537932542,0.912331836320674,1.1037641461356,0.932892812153648,1.33833120869578,0.602727379853167,0.999682122107805,1.15795821449196,1.16800356208162,0.791187211870501,1.11316596239074,0.919093961136399,1.28550822163074,1.0571353612056,1.10391929642878,1.11347617048235,0.708119685418541,0.923647067561995,0.773660543860345,0.827657805539794,1.06281912363024,1.03117836912476,1.16507915854136,0.942724596978042,0.820026113477259,1.04988173305513,1.09223876160706,1.04821483650291,0.721957283352333,1.22578845746633,1.18727560012344,0.861165639380056,0.937789758633004,1.17454058917195,0.869679701523723,1.03915429140552,1.36939791051048,1.08322825297108,0.962065933827562,1.57536530770801,0.999987652990531,0.967153306396383,1.04257425696782,1.18519436220006,1.38097842347481,1.00784773175961,0.947177886888106,1.0662648030452,1.43628134805483,0.890194894023253,0.702311292532079,0.93711221927325,0.736735302431474,0.623249828080683,-21.024
1.03889961942229,0.999368816381479,0.981215616274003,1.34845414293367,0.940568287089483,0.960718896483623,1.27819688105706,0.82881639425539,0.992268153272374,0.793729063800505,1.49146897682174,1.03767014796398,1.09718612275497,1.19662475824125,1.18175271102468,1.69484947036282,0.92298373277509,1.25409845363731,1.30108252490567,1.07990014859978,1.21272053319795,0.991346910393119,0.886067843999363,1.37354383367859,0.991646907090508,1.62361784359874,1.645240626579,1.25740564454804,0.897248877300155,1.30481366128297,1.48040449818713,1.21950383299815,1.37232258791529,0.580424682427852,1.06163849308103,0.878814527366288,0.856174957357804,1.34219393031452,0.938098667433454,0.942619981343235,1.17864421140181,1.02901528110577,1.38383745054588,0.652373275216717,1.07438319730073,1.21842918024102,1.2376515330514,0.873779910871467,1.15869597738575,1.00062363244996,1.31528508761933,1.14719700442519,1.17035643862382,1.17171737256733,0.757314793351435,0.983669835750227,0.828190577791372,0.862259816537937,1.10605195645858,1.0775426301443,1.20551825419573,1.01340212808157,0.864552158141807,1.09317721270825,1.16062443225155,1.1296945285382,0.745331693059843,1.25131768052217,1.2496321325088,0.901016793232316,0.998695321354717,1.23877833697767,0.912832789618725,1.07803411236623,1.45090637340096,1.13497789315042,1.02263103097674,1.68154795986454,1.0371066325746,1.04653120278248,1.08662542928066,1.24086823493391,1.46313184907813,1.07534827002268,1.0163062140899,1.14302517502438,1.49749833114961,0.957854396103172,0.766818869625482,0.990202713030891,0.774413211336304,0.641737719848754,-20.774
1.05498808824788,1.00219845001854,0.947725669920465,1.38609308198177,0.96816973239089,0.910581394752324,1.29766000405236,0.793305423980186,0.984374332392224,0.85386106548976,1.44477697749703,0.9658936267139,1.06261506173519,1.15992578915177,1.09995815391352,1.68610905457994,0.891733554313633,1.25318759258855,1.25264779442511,1.05969570786908,1.24800372132199,0.932682740818496,0.916665328857658,1.28886553967931,1.11994132135413,1.55763563143631,1.67128744055831,1.22942070083545,0.891965680191908,1.29848879562743,1.43585904482761,1.17575366475187,1.42439392089858,0.575266188976633,1.0224482759496,0.891531445989758,0.842349418367488,1.26909356867302,0.879868781027365,0.923771414820065,1.2041635929389,1.02962232019542,1.34233336906779,0.679753284192211,1.14329689729717,1.19770386274826,1.30445245491608,0.903442866852711,1.19988823240658,1.00622434803614,1.29513780359925,1.18738507287937,1.14945591174649,1.13389388450964,0.732975593490378,0.969309705944057,0.823476745500546,0.856563499381527,1.06028959490859,1.08489094319029,1.18555155510296,1.04383776063072,0.828678837850518,1.0652094684092,1.20053268179483,1.14532489939795,0.769662560777047,1.25338457173845,1.24345156554291,0.834849927142427,0.976887565188473,1.20264579238246,0.836018588938806,1.1042120596587,1.46125282554992,1.16365721797248,1.04932881075757,1.73468546159324,1.04200060390926,1.01983377339226,1.0674565186955,1.16245758518519,1.45891030171932,1.12037377372898,1.06723657651931,1.07404451738432,1.46070759949219,0.974045037765684,0.80493266501931,0.958609831530782,0.778295029566111,0.614305121059761,-20.524
1.06256961945326,0.979712329442793,1.1002527246537,1.34678968619372,0.979302014677585,1.03695036843122,1.26408648926568,0.802721840705324,1.00741920466978,0.869557033450524,1.47277322907871,0.981751738552497,1.14335306129525,1.12460461895954,1.08185154435207,1.69355820470254,0.894161956838835,1.20780606922811,1.24824565605495,1.0584032212437,1.28156686838056,0.879327683325693,0.979558579769035,1.22354433573984,1.00636169870526,1.47906493146757,1.65680975371412,1.24931096284114,0.832340212028134,1.31313345456937,1.61114856920527,1.23131261211678,1.41434382013631,0.590134641039023,1.00410299652062,0.779725431382253,0.82666929770696,1.38345401300137,0.862786363456844,0.9436759500195,1.21314964404272,1.09877386478552,1.25862548565499,0.701828098420784,1.04466471266736,1.11739610246426,1.26614497018426,0.981185556345121,1.19740310330498,1.09365172112639,1.20155324010557,1.11884928886068,1.1661916004665,1.25262627811227,0.844390856391847,1.14289442235677,0.875139047552724,0.867656196445946,1.14752832796984,1.00462881489903,1.15141413290386,1.09814158074899,0.823670093187339,1.07623737768928,1.16036248719266,1.14937847815241,0.788142306281945,1.23188416179148,1.18777982870677,0.928294038233244,1.05059410812257,1.25535881458227,0.875398235725381,1.08141203525899,1.51959814475639,1.08671616527378,1.00419319688886,1.69240401824399,0.944167045925825,1.07512283773601,1.0178164671327,1.27522284185457,1.46540243912439,1.13998120256517,1.11466106411851,1.16952461824609,1.54280394057195,1.00882614445451,0.818321844099652,1.01151914396054,0.812930320589406,0.601683446724437,-20.274
1.09187672575246,1.01400356614212,1.12186632415488,1.3483948387717,0.984241954007174,1.07485028496557,1.31775961536252,0.809121772606453,1.02168643325773,0.873593031678877,1.45463393880823,0.983757226067282,1.11616064060655,1.12869077865001,1.11932592310874,1.70342386209142,0.9229010880264,1.22207811586216,1.27868737033706,1.0952682748137,1.28541399122749,0.917265016859509,1.05442961228476,1.26544045120219,0.978466320887136,1.46459709442139,1.62543257511195,1.31216734420574,0.833188427708821,1.29589038895305,1.62540951415431,1.25519746856669,1.38724171013518,0.608797325497962,1.03802388798105,0.796721122108548,0.847528030210365,1.39219160022982,0.883486214985279,0.97954156554437,1.2086447945234,1.13234172220788,1.25375442812292,0.728466736598482,1.05644641448513,1.10527386661864,1.26564477903685,1.00803779826922,1.22236279402076,1.10796671652798,1.21063640472256,1.14747049680877,1.16628167731597,1.25619167408618,0.838217553723302,1.17642880792885,0.908926906834543,0.901600962034638,1.17930410082947,1.02687569149988,1.12658718244728,1.09971918419953,0.82646978556711,1.10297584911426,1.23455606730612,1.1672524619656,0.821197002602708,1.25452956553182,1.19430645282767,0.986794673479545,1.07878369300908,1.26999199225455,0.904237683040464,1.08464063051166,1.56054219090928,1.12886747574855,1.03969220618252,1.68661064492275,0.961168732096837,1.08158137889813,1.01442987231355,1.3103386610039,1.48516621875309,1.14857787911382,1.13623036556297,1.18128008670874,1.53081880724038,1.04246593292272,0.814970977339351,1.05552520002544,0.827227119597912,0.592138933405844,-20.024
1.12298265891609,1.06452711775515,1.14408647165814,1.37516327340698,0.995693522728135,1.12677456054069,1.39637973414811,0.828391224777413,1.04138311322108,0.889881117481313,1.45598612141168,1.01174911582572,1.09182849921077,1.14500775402123,1.15846559085951,1.73653915872276,0.966055103826723,1.24279106633594,1.33134171603316,1.15139953540247,1.29669172887383,0.952807017322434,1.14711603689851,1.32174784587466,0.955411857034459,1.47596070374298,1.60497918076993,1.39389376524296,0.848521655694906,1.29047215549064,1.66984772541574,1.29036185131039,1.36014530132971,0.632151552900629,1.09244833244912,0.81294451419322,0.875165828279118,1.39228026242369,0.912089026455414,1.0373808911457,1.2129248921827,1.18083367321234,1.25466633541227,0.772206913645246,1.07386708550928,1.09404621346333,1.27662303644326,1.04049820454042,1.25414047210088,1.14462689424146,1.21253266980154,1.19366821736788,1.18207068754136,1.28865396774273,0.849973769416438,1.23979902576107,0.944822435848288,0.945105880636767,1.24941541089275,1.06658881387666,1.10884506873988,1.11498236722101,0.842789389056674,1.13871388112709,1.31009035714988,1.20117485615599,0.861586079128519,1.30294005388193,1.21836906580142,1.04979195457886,1.1126510009522,1.29120969578237,0.931215723858277,1.08832262253124,1.60564052761353,1.1830752617391,1.10502392860587,1.67005234656499,0.986243426042982,1.0996754887535,1.02960388246609,1.35286958331276,1.50662668928615,1.16432321509227,1.1693816750131,1.20572615847162,1.53778642842428,1.09204633954343,0.81286871775576,1.11259166338035,0.850030645078527,0.609539887138623,-19.774
1.11427978246368,1.04813739095721,1.11857364764141,1.27569116150963,0.947396596036154,1.11633301384969,1.41086506036603,0.824296574178175,1.04704502336828,0.869346787159604,1.3326074877581,1.01579982463522,1.00907548846548,1.09290906001535,1.10631789913058,1.62440166187646,0.953093824897538,1.22834580627057,1.29794697234147,1.15588635006506,1.242260486832,0.897641649596447,1.23993206247452,1.32116611495351,0.864592072050134,1.36136742535999,1.4501967231283,1.41214590972632,0.824204491470144,1.19435437414071,1.60141197644437,1.2533158059399,1.23485659969814,0.608077950358356,1.11864584949648,0.803595459273927,0.862027470798777,1.29723677307429,0.877028005072667,1.01233570150484,1.13251837963741,1.19524639438878,1.16010129844189,0.777583250807437,1.04604384592664,0.999153957671957,1.25137497782967,1.01829255955376,1.24404093356113,1.14868285923109,1.14100771751196,1.17988038676091,1.09785043787363,1.2528880446026,0.767919889023905,1.27482463541812,0.931074362852497,0.954472680821852,1.22736713883107,1.05401119079362,1.02621484233621,1.09932889943148,0.799299201072638,1.14193695175732,1.3873308953362,1.15911411426127,0.894948166057416,1.31504606573288,1.16706225397897,1.08234380271402,1.1082301126189,1.18153678191793,0.913080239862534,1.04295507550507,1.62710193660013,1.19893349445503,1.12790449139297,1.56862354698432,0.949670943148269,1.03066277483672,0.984006074002689,1.32666432709722,1.50017741192139,1.11360058235923,1.14814124709442,1.19643830079406,1.43067696044081,1.04832919425632,0.759313649853033,1.11942024692867,0.828499540992954,0.659146075367753,-19.524
1.0461543613614,1.09977806688035,1.17682422749739,1.17693016309206,0.933393220061442,1.15337047921252,1.43606926803546,0.758780401879299,0.971565291256153,0.75924365430089,1.26770065360539,0.909281855023003,0.942263574780509,1.14048769539951,1.16244447510916,1.51637072671075,0.879720181381945,1.11612215892783,1.34188876883465,1.16703595150477,1.14985395096255,0.965244510808035,1.29431425145988,1.24969929552582,0.959610931175637,1.34108350025959,1.44646449738755,1.43886802210289,0.764762922297712,1.04533024231298,1.41436221649794,1.07285460625912,1.23549525632886,0.596966481742822,1.10152759417926,0.759901607503215,0.844562847816261,1.19039012171506,0.940648093278231,1.08975576145062,1.03534567580093,1.17324373253191,1.09288802481687,0.714136340418361,1.0750249695403,0.939456333999938,1.22987593358826,0.92363619123397,1.09438390879911,1.07341361429015,1.10631031557758,1.17144196641094,1.08413209865286,1.30584677438611,0.758048245156349,1.11544108796217,0.926598890883781,0.891243514255279,1.26016536377688,1.01378799555147,0.968236350432614,1.05359603036253,0.759129837447423,1.11744371586471,1.49964456654564,1.22588179813573,1.05400531712755,1.20546283350994,1.08252213300583,1.02450747967383,1.00977224020676,1.08902903827501,0.90531314466516,1.01703677723776,1.47122751636211,1.05395575887298,1.09164850680263,1.43992337123735,0.971397584754973,1.02273284015332,0.887091784389608,1.19184463824904,1.42422443214578,1.16220734468039,1.30571960714338,1.13575017700712,1.30340333065845,1.09454035240643,0.829300498662881,1.14438785555112,0.76311337365848,0.725461277505122,-19.274
1.09800728035548,1.15274536207958,1.19696892228281,1.21579998862496,0.976018584224479,1.17070247119676,1.49719363210384,0.783874356019142,1.00523240004667,0.800712407373022,1.29124088501284,0.933099459748344,0.949203152907127,1.14059874797456,1.19557855017672,1.53384488963202,0.964313586054064,1.15503865603788,1.40822590054477,1.20950972562636,1.1709453400569,1.01191388147466,1.37360408641201,1.28535993271221,0.951404930145937,1.36205185576987,1.47843981966882,1.48571759259562,0.785442525045564,1.06954144823195,1.43283703967231,1.08952833717728,1.22560587755339,0.616469685894746,1.14037313588377,0.789295207718281,0.889826799136897,1.20061249767988,0.968121836593139,1.1286113473942,1.06819686351823,1.22124791010603,1.123356901684,0.76186031060926,1.10065804979294,0.957466785555484,1.24346262425029,0.954974469361655,1.13554970236269,1.13674141146794,1.14047106398341,1.20992590719147,1.09648489455892,1.32369731633542,0.775773202493991,1.15668995504661,0.965949439609738,0.928141525253763,1.28970787046704,1.06429137404438,0.977124675565793,1.05110659826364,0.788531711534247,1.15064941386293,1.54780521245463,1.27707014804077,1.08361221328443,1.21799660681804,1.10619043430875,1.07018925177545,1.02931344629765,1.11168675117684,0.913916257510007,1.02342397367502,1.50467688778186,1.08614308687921,1.14805994913445,1.42666667354584,0.9715401291035,1.03553053374187,0.908850673056765,1.22944066180514,1.46714472563818,1.2188436183074,1.36313472576216,1.15385809304751,1.33599630730816,1.11877915234522,0.858777626497613,1.20457715287884,0.798528017538575,0.73669099606385,-19.024
1.13309409235672,1.20835517104719,1.23645551593455,1.26133994142132,1.01212774595157,1.1986566234484,1.59131714242864,0.813051816050624,1.03066615651454,0.861517479011182,1.33129219364639,0.936886398147394,0.961100752908847,1.15108239381136,1.23693710177942,1.57947125232581,1.03725759882248,1.18503432378756,1.49181582507538,1.25685343386806,1.1925242948764,1.064160826679,1.43240890014326,1.33300527349792,0.955863460524426,1.41407396094655,1.54777663990647,1.56201399632894,0.814591924370554,1.0860120070056,1.46580346682966,1.10791690202678,1.23058414859712,0.708913446169908,1.19077809274978,0.831661850112124,0.945510643964146,1.23213030387882,1.02005172421549,1.18269921864874,1.11075724493364,1.27456805293913,1.16688771804053,0.820629556184647,1.1159926410677,0.977449650813282,1.26459047624065,0.987887445692427,1.17985790224815,1.2502194237817,1.17227890374114,1.24885858689074,1.12130815045811,1.3617695067024,0.814170691176251,1.17870439827153,1.00426924723203,0.988729056842021,1.33085208149427,1.12849462804472,1.02396663948827,1.05923743618597,0.826971138161028,1.1762490600795,1.60497493852872,1.31720732794823,1.11964221796586,1.23379943428874,1.14887339685817,1.12311023802442,1.06815962359984,1.15408908454393,0.923417596267628,1.04655477055189,1.55285878482788,1.14131591909247,1.2145169001047,1.45184629072416,1.00401738497736,1.0576100661638,0.932145514736271,1.25496401277243,1.50431285632125,1.25413990591822,1.43947585785471,1.17693861857106,1.37364322724431,1.17334452970514,0.904501383762761,1.28451798670239,0.847254062450688,0.771240119431064,-18.774
1.16363093193857,1.24331984187029,1.31193534445913,1.28148951705107,1.02792410101935,1.20703153742999,1.68633045857592,0.787995531507941,1.03299389255193,0.898195056690546,1.30778162964087,0.933817930760835,0.943163050649574,1.17197610606415,1.25061320418656,1.61379100055234,1.10722946153395,1.16056075684867,1.5531700299064,1.32892454185062,1.16720609763379,1.08340007726088,1.45507114360163,1.35531610976359,0.92328132070017,1.40748096850293,1.53980840466006,1.60191806489249,0.816227252118755,1.04291518242868,1.45843127543591,1.09561406717699,1.17960185208903,0.769294042289769,1.19886910235044,0.843032476048461,0.961305591890015,1.26475832487225,1.0466176992478,1.20058483851224,1.10592170622231,1.33714916997611,1.16412462996752,0.88597985181934,1.11127825358296,0.986465918579076,1.24199780590223,0.982168440096179,1.22184995870583,1.38431788866781,1.17290276681855,1.21963427893673,1.12013494859627,1.28477519034276,0.904057245683711,1.21678672702396,1.0429961947984,1.00256939150022,1.31241614655436,1.17458822149831,1.10272489046781,1.03002043522023,0.854385745953431,1.16026089709042,1.62948390271767,1.33584545115161,1.10244393368198,1.21470306336435,1.17235480748923,1.13996644327118,1.04425040304461,1.19365312964996,0.897618639761904,1.01088920894011,1.54111011672373,1.11478513316343,1.24433787559566,1.45208964582333,0.98920369280941,1.01560460006202,0.924260885529802,1.21656407683717,1.49549554098336,1.29566727739045,1.48728176445324,1.15834981637451,1.34818768916491,1.18586488623124,0.926741065966292,1.2904393187421,0.893201274193478,0.805852131242451,-18.524
1.2173954249613,1.29483102448083,1.36892781676645,1.3143668854195,1.05856976154147,1.26615137580002,1.7113614236182,0.859061255708104,1.02904110236125,0.94174952614571,1.32339426827555,0.946869319673578,0.972336139822619,1.19988018062339,1.28698759609814,1.62443592160544,1.18794864153653,1.20338449845732,1.580140752019,1.37627584320377,1.19460764280736,1.12264492136877,1.53394230640604,1.38597963220504,0.952257444002438,1.43087846495443,1.55596027838216,1.63696984849268,0.861967077406373,1.12699381388907,1.52525508915793,1.11709586588508,1.18291154777326,0.80496672289025,1.21364327195591,0.8903361045291,1.00956070123194,1.30260737445973,1.08654212362641,1.24649345828006,1.17393616234036,1.36380096967915,1.20754666644178,0.936802528653462,1.1405081038692,1.02087763602874,1.24915765043348,1.03449708848382,1.25016891845765,1.43026179747767,1.20980058637591,1.28081344079467,1.15209936940452,1.33391680419434,0.968768185363213,1.26606349230992,1.10095112405443,1.05163258440235,1.33960315869108,1.23307523115168,1.14575577707237,1.04495624195224,0.907703362609653,1.18822785320446,1.65002993841933,1.40358228146672,1.14182924877174,1.25629583084319,1.19836828162374,1.1519954174724,1.06533535652845,1.23585632378548,0.918770085177303,1.05734226374812,1.58484083743726,1.16254097453364,1.30037255782099,1.45482248318213,1.0218264608664,1.04449594395287,0.975315458764854,1.27500411445315,1.52055321804335,1.33233563472472,1.51078357996439,1.19223382723005,1.3794974468546,1.21698800061673,0.962858510710818,1.36960651256435,0.93376736791241,0.829098887031266,-18.274
1.20498521082375,1.2545590669881,1.37346271361081,1.2741852914888,1.02720373335976,1.2668488837152,1.62214431456098,0.906688915465807,0.956882361028114,0.948884115584099,1.29905354311646,0.939157288298795,0.955545783373167,1.15787453876916,1.25666711661853,1.54846891051767,1.19846547389604,1.19181467428166,1.51474619342071,1.35797045394209,1.17570990061238,1.10412536938106,1.53097994416013,1.35910313391216,0.930459887214282,1.39860288344401,1.48740814448744,1.5631272881263,0.878189779192754,1.1494120280345,1.48326668213729,1.12238217447373,1.12123951992577,0.821839473620874,1.16904142440134,0.897777810679828,1.02090601630946,1.28737443531019,1.08151621387206,1.22193082515057,1.19351969169575,1.33916684589463,1.16818849127277,0.924211329679828,1.11717755897607,0.996929381914384,1.19017148436343,1.00614359706633,1.19550641924569,1.4266662540854,1.19557389981335,1.29126943559299,1.12186016057743,1.315806469933,0.970990815175945,1.26235867818953,1.1159101816918,1.06235604755732,1.27956288060733,1.22918638553388,1.18133240208002,0.997613648201091,0.908480618545262,1.14339456208636,1.61016738320586,1.41168795214062,1.15787552528596,1.23155839838411,1.16034080973395,1.11052254948912,1.03329985134843,1.20713894700124,0.892024071972648,1.05142819834899,1.54913629196645,1.16503549477078,1.28222819153676,1.37167915516096,1.01192172966754,1.02448768771116,0.984922250450142,1.23243302971777,1.44026530014599,1.2862540680531,1.4642236374722,1.20097179427104,1.31564423023831,1.18960009395372,0.980466420011414,1.41283725184723,0.943465717149305,0.817615793850726,-18.024
1.17303979261038,1.18809680274906,1.31217439867381,1.22587481642254,1.00267416524047,1.24631537874141,1.57336565606578,0.939216498573173,0.966250673910651,0.919080331900063,1.25318550860291,0.930772916067816,0.946163040767948,1.12330613297004,1.24461775668895,1.4645227597261,1.22882236004287,1.12340565000713,1.44777579102507,1.31856027639059,1.08817214665996,1.06768769290453,1.53561326517397,1.29553888291373,0.918829500031538,1.32456975528344,1.39718074265968,1.48071282696642,0.858300067198439,1.1446142833692,1.43918391905051,1.06495746141381,1.03674257410597,0.811942274550986,1.13572944239381,0.874147298070599,1.06278024928312,1.23301800356314,1.06530725197062,1.18321341164336,1.25919469181112,1.25824670939039,1.17913735204328,0.895386931226055,1.09209467015205,0.983527155342419,1.14674101418319,0.971970987871791,1.14822915177828,1.38547132532802,1.09921353259855,1.28914227783747,1.0914736496691,1.27732953042187,0.967298018516811,1.22984848464079,1.09529115983741,1.03888173573451,1.22178422039801,1.26438870361065,1.10791433030593,0.95635815013465,0.904290827189132,1.12104589524073,1.54697981378415,1.41336397631512,1.12986467018837,1.20427599336152,1.10817491921428,1.08665636027233,0.980801431627239,1.14996820263232,0.861205362386712,1.03211696556865,1.46920943046358,1.10839632444438,1.24277860555711,1.33305617999057,0.999466420951472,1.01779194499895,0.964671334129479,1.176615246953,1.40409610478689,1.28858547865142,1.38348457738283,1.11034203074701,1.26321646627304,1.14326784504091,0.947040463312519,1.36778696208505,0.954734521583028,0.806913267270449,-17.774
1.19715375524972,1.23231475639025,1.31222492019297,1.22843756722271,1.07863285463503,1.31040021668594,1.65619301494752,0.94817761328345,1.01449588313222,0.912141936981874,1.27293352756879,1.04953670926711,0.983283754136719,1.15837483504358,1.24667090531656,1.46838072757077,1.26278914558297,1.15211786558241,1.46642525273828,1.36521251794687,1.11377448232056,1.0962061182635,1.58449477601416,1.27704672675474,0.960390292033116,1.36822391978936,1.41721697735623,1.52041283148606,0.941368445212378,1.15424478973867,1.44946915743685,1.10517288987547,1.05359230954844,0.84292982575793,1.15387072681986,0.914122406762788,1.14068664201038,1.23805845354508,1.10936366663788,1.21630463764518,1.30878845092733,1.25325859634746,1.1908130673785,0.948321586787419,1.12730382690683,1.06707097100033,1.18393314089932,1.00351735243124,1.16965077833245,1.41842357051415,1.11895836912369,1.36893966248791,1.09904301300597,1.32859308047351,1.0011179433301,1.27912021712942,1.14086126544303,1.04322614749293,1.25839018098269,1.31172397204124,1.0949580865204,1.03437099711678,0.939821954215827,1.1803387089583,1.53130680697292,1.48226657416674,1.17362671314349,1.26460666317934,1.13782641585533,1.12301038658806,1.01534000118141,1.16004015511312,0.914075350082793,1.05645309092052,1.49873748827044,1.14929405334299,1.29689054928244,1.30213020747579,1.03659581053758,1.0350361642682,0.979489592414956,1.21584274002628,1.41385250181181,1.34819455671022,1.44521995744954,1.14285564771695,1.25568104858077,1.17130657567489,0.984857653470815,1.38118767156393,1.00092589815454,0.861932999370663,-17.524
1.16679532718537,1.18585018439389,1.27152715541285,1.19112093870153,1.09575666549935,1.33967062238402,1.64561399162492,0.970688854272514,1.02954294187043,0.869304560814054,1.21630533071757,1.17205399445162,1.00569702037573,1.10910504904848,1.21169820497665,1.43975765175561,1.23103863054563,1.15171829855408,1.40380771699074,1.34012388927424,1.11377279413058,1.05515577441469,1.5722572609336,1.23879830214239,0.972748334006048,1.31713494691005,1.37076170335024,1.46370436335713,1.01482200153931,1.15403016898691,1.39924292001284,1.13721281642939,0.992631487268901,0.832936074456475,1.1178749729625,0.896299041987265,1.2068393837403,1.18375421444132,1.11368935335932,1.1971967717316,1.34578558798045,1.1940703920228,1.14087926662049,0.961063805842402,1.11801814475871,1.10464027311732,1.14602376283842,0.997290549839264,1.13872275438866,1.42615012331495,1.08562538677664,1.39091085576025,1.07147535995749,1.33118288346746,0.979955463629937,1.30476195203242,1.14011947489458,0.987987238530873,1.24046115648295,1.2868110556431,1.05140664061297,1.15879940954906,0.976341669640365,1.20402582477126,1.47337809738084,1.54927408198377,1.18631500950096,1.26965551050463,1.17107827133301,1.09339457308195,1.00313426270152,1.0986777393357,0.942467703851294,1.02726016864052,1.45898678114185,1.11426229485812,1.30555825637252,1.22088825706682,1.05153374883207,0.986748613580504,0.951726758195597,1.22470105092048,1.35896341265722,1.38837636717688,1.38116124442272,1.10957430852655,1.20018723598958,1.1880141145386,0.997759404974168,1.35076896418171,1.02004527331793,0.878153128627696,-17.274
1.21574012739581,1.24193622416723,1.29755782609037,1.23174789911828,1.15588185035763,1.40242510023891,1.69853373287963,0.919738289294673,1.06873902519454,0.894433678242948,1.24408055037337,1.25076539142875,1.02170990540025,1.12229650705457,1.25557691494116,1.49662313275726,1.29064147986518,1.18257673507163,1.43566419177585,1.42834511059759,1.1632554186252,1.10128256014684,1.62493946700779,1.25392599080072,1.04058101509729,1.37660558876424,1.39718071222594,1.54346556275831,1.09907215435112,1.19387616882796,1.39678372044257,1.15633423790222,1.0208692900007,0.864561811120708,1.15836363134696,0.948263920308067,1.26932297419445,1.20553179116957,1.1474640907402,1.24368121188894,1.42645377987713,1.21105484570038,1.1599610725218,1.01239422188992,1.14805195908614,1.18208894569678,1.17517402474664,1.01831525059956,1.17961587572181,1.44489841183768,1.11441928715161,1.43086177459347,1.0802256907438,1.39959963212629,1.02372238938882,1.35867383984001,1.17956035874595,1.03201511993867,1.32324876633145,1.35590335126669,1.08105287870999,1.26502872386983,1.02331730921337,1.2443889136036,1.47471631008014,1.64989724605405,1.20752395565237,1.32224944530257,1.21964701935264,1.13935197344423,1.09478980969342,1.13573383077126,0.971923052473658,1.08059978916389,1.4914311263321,1.14167336944169,1.35357115077079,1.18403717781618,1.09691640525347,1.03696120318445,1.00319056850458,1.25858421661652,1.39494814973606,1.40311537223135,1.45621342148397,1.15799923235336,1.2155850484004,1.26552196328122,1.02249589904678,1.40422184624284,1.05880760084513,0.939937017301308,-17.024
1.22059487003831,1.24725503405844,1.25515797610398,1.22435413577568,1.15351681181462,1.47481963697321,1.64766100423127,1.03577574480235,1.06948476479204,0.888350399241442,1.25704278183833,1.30201017712227,1.01662451869802,1.11997532833458,1.23368458389563,1.46539819476175,1.25911427850379,1.16215628081433,1.41974195448947,1.46114112512499,1.16902169231005,1.11427968657325,1.61692265530599,1.20230253191544,1.08008346782317,1.40591395214972,1.39075409216082,1.51241512787157,1.16742118189982,1.18595845060162,1.3668195324359,1.19431671262827,1.02178244352329,0.883453359380344,1.1476401366003,0.945340379483603,1.35264820024528,1.21682552608425,1.1476471905537,1.28952952035982,1.47232955199849,1.23201177192118,1.12672897219601,1.01257456337392,1.13923471791131,1.26619074479917,1.29963715169861,1.008385425737,1.23033449046198,1.3738193366326,1.08328345170964,1.42409720656376,1.11800858601584,1.43107196374301,1.05679186591134,1.36906134001308,1.1386353411511,1.04943075966808,1.36644734369244,1.39252314672783,1.09010044549173,1.33598403836083,1.04585236964396,1.24588522940453,1.4077174771397,1.69151559558352,1.19889677384174,1.31586221608754,1.21961257935719,1.11134236550571,1.14009527257827,1.06527957889074,0.936581447909447,1.2047170359186,1.45979402841233,1.12266224183116,1.34165332719352,1.15177915353323,1.10791751029812,1.0499409169042,1.01400226876384,1.26267180927214,1.39517037014316,1.40861670886833,1.4590040257643,1.16618364126155,1.15718651961768,1.30454616778053,1.0151814166467,1.38418299568769,1.08990985637,0.99796310472912,-16.774
1.22104960414501,1.4378658606769,1.35457477973836,1.36195235834906,1.28947037097012,1.67763491598502,1.81179308312215,1.10753972107125,1.16519824058956,0.959964382754224,1.40552853624868,1.31132461511067,1.02059596038677,1.22421520417385,1.31617407789486,1.66034887738742,1.49872108251474,1.20249784114471,1.47984440228917,1.57425255866679,1.31475017738916,1.16154293624908,1.91913148452508,1.22444399007076,1.11726365477037,1.49528352189151,1.40142964381015,1.78018331285816,1.20135264937739,1.25807075879262,1.5359365674614,1.17600540948715,1.08200409452308,0.955561724468194,1.20360820144778,1.05199319844421,1.37393507304359,1.26833165042704,1.16018514296152,1.29967287776183,1.6324964171056,1.35269447460937,1.16305816747487,1.11143991521778,1.27557416099296,1.42242313709854,1.37217352394752,1.1025728240006,1.35551722067839,1.47998952365503,1.0979918836635,1.56531803369413,1.17953386386884,1.5882809243413,1.18131704159114,1.46014380603837,1.31670834490251,1.15668823619479,1.40859711092481,1.45099891953974,1.0871280192612,1.35738975965644,1.16297462903386,1.39073166734047,1.45588209498019,1.82503794891083,1.28326932350297,1.37309163273994,1.31720486334059,1.3358506208015,1.33638737010325,1.17942019441925,1.0886997534968,1.20571999206273,1.48212603992223,1.15846461759957,1.47180766994987,1.12761158749346,1.14959670204368,1.19489464451253,1.16602626602364,1.3623024201103,1.51655310465847,1.42907349684315,1.70378550064798,1.3461322496504,1.25401699291123,1.37128159469247,1.16241669990507,1.51306034408113,1.19560197856775,1.15272677188326,-16.524
1.2067582086748,1.41798619506302,1.31166773017484,1.34618488408623,1.30901630130309,1.73194761061532,1.74254727936117,1.10287437615341,1.1318292623981,0.961066575123031,1.29978970331077,1.28319177847462,1.00439926375316,1.23890612600461,1.34920027235509,1.61102486097329,1.50411577090392,1.26231763800472,1.48916125437136,1.54226375079767,1.27264642048176,1.15619381679252,1.85811995153679,1.18348895824713,1.11015360263579,1.51909593750475,1.33987526270306,1.73099351833812,1.23486855779483,1.26227947017327,1.54751205412505,1.13135359554017,1.1725258852899,0.936763980921343,1.19214395760111,1.0585189282785,1.36724120306453,1.23690137351238,1.14105277746221,1.24945163833834,1.58808274888505,1.35120727245527,1.20247129357021,1.08099925979101,1.2568771399393,1.39227287917292,1.30901802177661,1.0957256058987,1.37349556583215,1.46371747800751,1.07915096874306,1.49879696065284,1.15623486364153,1.55713637816376,1.15410560154477,1.47842328104918,1.28466235350943,1.17194027884726,1.32727750194979,1.3975451097952,1.06351051583439,1.35354786093779,1.18314198539619,1.4384148690465,1.43667874448765,1.78801616864858,1.25110858638608,1.35136922052121,1.32587505254241,1.36767718227659,1.31005615403441,1.14483236158474,1.07104360588335,1.15791768166039,1.46358300563985,1.12429446545028,1.46521344720263,1.09587966819337,1.14667514157646,1.15995914062494,1.18522272715992,1.34292111328348,1.503609297251,1.39127603627827,1.74954064103551,1.29481585955926,1.20701700195426,1.38950619029641,1.14630284680407,1.50163228273285,1.19976609033305,1.13141127703494,-16.274
1.18033090395954,1.38488243401884,1.33040468597407,1.42070854735368,1.32757254614314,1.72423895197791,1.69201604967012,1.14515004678814,1.23450440490959,0.982854019966645,1.2685058168078,1.25534532900794,0.999323857621444,1.23260236454749,1.32178901806556,1.50492061104825,1.47787042149639,1.28293291736729,1.50882492437815,1.54848555357367,1.23234404903239,1.13115213903294,1.85316207406128,1.17622624880963,1.1056863787306,1.55011448219445,1.42180930548334,1.68164550327947,1.28439765001621,1.25225044785692,1.53572162506447,1.15975960372389,1.19816428601622,0.95530688362179,1.15408495077832,1.02845413894606,1.42498225296934,1.20872442144147,1.18779338759249,1.22593310343028,1.59908505643654,1.31440621644723,1.21355446690593,1.10555523542672,1.2805629472044,1.36650007378947,1.27967247552889,1.1338036641283,1.36455770070331,1.44271151091422,1.07060707441501,1.50485871362957,1.12732976906382,1.59224950306137,1.17551658887172,1.49876175946897,1.28438603918238,1.16604380742448,1.27725847715034,1.34365005067244,1.04410008523945,1.31156424262923,1.21434322797811,1.42245099246345,1.4797202789809,1.72702124295089,1.19756705972232,1.31285838050228,1.33586799094838,1.34715582946791,1.27207270883082,1.11473551503555,1.07207688536804,1.13956860503504,1.40472065176553,1.11798346810306,1.4979546127863,1.2194030214446,1.17444408688888,1.19583653394503,1.20572988062929,1.31206084589686,1.55555708498247,1.37002087497301,1.78236168117881,1.25489450999132,1.20358190282278,1.39988365891115,1.1316346713231,1.52215873346308,1.19514646852871,1.14830267932718,-16.024
1.22034985692901,1.41800787789965,1.36519310216516,1.48002727462207,1.44412143877019,1.78673874320082,1.71171626058471,1.20200706432851,1.24944080183857,1.05573408288174,1.3092630271188,1.33653608203597,1.0536409232103,1.28974870255661,1.40006445874511,1.54356032582117,1.55547081832956,1.36684581783574,1.58363569008598,1.59417239953088,1.26094295083073,1.1550622794673,1.86114395669746,1.2179618419571,1.14796066476522,1.64545484305117,1.40137702060334,1.7176964935421,1.32059775201157,1.28435480717032,1.60375656138769,1.22686680254127,1.27353151710272,1.0071522756133,1.19126480268425,1.11223817370862,1.48657588254732,1.23313976820519,1.19001241334065,1.24893122429389,1.64785406147083,1.34993753834632,1.27356241769102,1.18879568897459,1.35779934784741,1.45556659702948,1.28973533863756,1.21136289230892,1.40970088851511,1.46493701335241,1.13960642070503,1.57662016515227,1.19590119855734,1.66903614210578,1.24893399225135,1.56923319451862,1.35145988439211,1.22879884463949,1.28370678590356,1.37766807835892,1.0535993803817,1.34832106092421,1.30247472432305,1.44793610558288,1.5986083489017,1.77092947175018,1.24495066898902,1.38143560025116,1.42019471562331,1.35980072137533,1.3208002169904,1.15407960436833,1.10886215788709,1.17500204109627,1.41925312752156,1.19320968829273,1.61089350900417,1.27340233674494,1.24887946711684,1.24334483870368,1.31267281276802,1.42985123821168,1.62604677019175,1.41936968248634,1.84994211158104,1.28644071015471,1.24010036369004,1.47614312229982,1.23246115951205,1.60953721294644,1.26263526837404,1.20521920700956,-15.774
1.240748338858,1.4392025625921,1.38024771841257,1.53854849898625,1.569024903058,1.88413613480505,1.7442538758571,1.28974991716909,1.250748221667,1.13674415952929,1.33487515234057,1.37031710050978,1.11560046481453,1.36098708201734,1.39243298693241,1.5174778992038,1.58168798264523,1.44897965171355,1.65979662242347,1.62596900833039,1.2505374290934,1.15578010533696,1.86031904723779,1.31592683417773,1.16080892676755,1.72947773518214,1.349050550591,1.71619853296854,1.37533158648932,1.27308474948029,1.65522883720228,1.3065983591861,1.34008351568251,1.08949729320562,1.20998250595098,1.16248556490018,1.56786320943537,1.26300008480579,1.19811459943675,1.32345007880428,1.69918811795468,1.40619412709416,1.32701109182799,1.22479842044902,1.44014591925095,1.50343917862034,1.29779190701276,1.25190546485462,1.44280726696359,1.44039591839335,1.1823389316732,1.6257154248479,1.23160498256681,1.77168618187056,1.32486804748187,1.60638629428389,1.35586210315691,1.24945580549932,1.26985953794428,1.45879825906819,1.0706466787746,1.37948965470426,1.37567491519059,1.46802023205085,1.66114075401378,1.82488167909212,1.27555071619743,1.44344328565769,1.45507283991429,1.38495408291695,1.31739640830092,1.18826020139243,1.09618423337051,1.20370124954729,1.42438811851744,1.2432950842665,1.68867094830827,1.35162150186481,1.27938715577996,1.29537768359643,1.3806392499279,1.5412370969444,1.669037981369,1.48293926819663,1.88858941241724,1.28900592803439,1.29086339471615,1.5862301640791,1.31825683995002,1.6622560540603,1.30699113979425,1.27300891295101,-15.524
1.30776636310138,1.48287575344277,1.41792991881343,1.55018917252926,1.64154228920634,1.96010361560874,1.8026289828292,1.35887478275332,1.2419088916184,1.22742421067375,1.38414843024234,1.47227513300074,1.18264942438959,1.4422300793873,1.47611715049166,1.5827271293273,1.60883909845212,1.60310341092733,1.71151809249839,1.70643991628236,1.26373038500854,1.2396283178189,1.96552222664531,1.37442389599788,1.21560648492999,1.82491129932408,1.40146938650076,1.7518795049833,1.4268604505164,1.33352410710299,1.72538364182233,1.39085289084379,1.39901538385194,1.14048182309216,1.27414024835102,1.2350056033497,1.63054575706131,1.33514755378575,1.27835149344207,1.36714685749899,1.77620637233661,1.4446332626472,1.36698533092229,1.25542864368857,1.46940268779358,1.56142325848364,1.3402472276583,1.31570116049569,1.50502467089775,1.48735706371646,1.27201572438609,1.67560272563629,1.36476589111787,1.86746028024177,1.41576891012309,1.69516724993453,1.4180632342502,1.33239788773482,1.36589162673263,1.55937218109953,1.15269094798784,1.47763295706737,1.46628724902488,1.50133899626448,1.74244549520502,1.94110740130031,1.35694435191292,1.53459494729845,1.49439342043556,1.47791111453706,1.42146537313176,1.28276244888631,1.18480118972246,1.26437383024007,1.46341048104809,1.32712058190061,1.7514338012279,1.35089435334111,1.33526460829075,1.34172145959916,1.44155404264678,1.60255841857807,1.72123719961637,1.52871166105242,1.89954688381602,1.3313137487181,1.33077863682386,1.65772243716756,1.37512405075854,1.7476552009134,1.43069858494457,1.33507027283009,-15.274
1.41706964191852,1.53131281755097,1.47687865807348,1.5877613103193,1.73603427655532,2.03745987554882,1.86546146771349,1.43188251799271,1.27226523306531,1.333936829813,1.44548669160589,1.58340983713915,1.25771668104507,1.57156171055852,1.5580315979063,1.68251997290522,1.66082584095192,1.79071274304612,1.77732184706504,1.80661509781732,1.32233853646833,1.34964115286151,2.0659018702708,1.43072432552434,1.29859916785588,1.93425296376338,1.43815982203501,1.78872413646522,1.47566549367045,1.39863826507182,1.82937262111406,1.46281529104287,1.49207938825672,1.21777743324465,1.38386280370455,1.33950160447091,1.71396611207769,1.41212543204516,1.38182798103856,1.42688228249905,1.87320767250212,1.53962466309074,1.41099255531481,1.30170373129056,1.5337687804523,1.62111631083243,1.38891841092118,1.39745566578919,1.5489217015002,1.52792312590412,1.35222712225783,1.75542508598093,1.47103845312993,1.98080648386668,1.50932064226108,1.76543303052437,1.49907818925945,1.44040249016966,1.55758194738759,1.6827182785369,1.24740523540258,1.61758096758703,1.56254295983383,1.55416332704137,1.80969508869812,2.08679543601393,1.44603838826862,1.6499977219921,1.56677673511075,1.59310981544427,1.53846912722211,1.41785002266962,1.31234288632706,1.33682818830744,1.52188584301379,1.43217809010077,1.82003155744462,1.38383415288895,1.41095432592296,1.40075901901008,1.53772383073198,1.71253126869839,1.78461865105429,1.57188427526759,1.93615637142054,1.39545917247535,1.38010397904013,1.72137530101343,1.42611109781164,1.81606379191151,1.55606691335312,1.40971798039965,-15.024
1.51259213360092,1.55436298423737,1.46418391213517,1.64292400806778,1.8167982026654,2.09101958817042,1.89090818231167,1.49587152511983,1.36432379734906,1.41814106582096,1.54335830596919,1.6564821346569,1.31287589001953,1.65995694209033,1.60149848641036,1.73795660911913,1.70146562257911,1.98326739554514,1.82859719456002,1.89065721763301,1.36954578005647,1.39871517081624,2.12165212945831,1.48360535536035,1.34333195320405,2.00239780420284,1.4603658714189,1.80873039363958,1.52948287864953,1.44512172448566,1.8843802036584,1.52502984469311,1.56312678145549,1.28029316513526,1.48540740316429,1.42230188196303,1.74117802159895,1.51480180802905,1.48147195470499,1.46028072803737,1.93134209941668,1.59465332105736,1.45159628745195,1.35264110095552,1.54854028826522,1.64166666449767,1.44602402262388,1.4806827557213,1.57283714835542,1.54065400573798,1.404101039051,1.75677223921419,1.55427409552994,2.06040503615122,1.58022660466659,1.84031271575965,1.58863935970347,1.52175706045052,1.74510282826952,1.8381518513857,1.32059059154434,1.71757997246255,1.67369869517569,1.59496920234093,1.87829262881165,2.16679611249075,1.4859266582387,1.73628593408719,1.57484651244244,1.63737974675798,1.61906645490364,1.51025426691133,1.466123351014,1.38524715588438,1.53769174303465,1.50575819446617,1.88452452666055,1.40850303634633,1.44486921730522,1.46294029687588,1.60960919004337,1.76059948581372,1.83583375512382,1.61420283049444,1.95942202715639,1.45862297305438,1.42237547617699,1.79617660669073,1.46929177835124,1.86783951431996,1.66488682992644,1.47884873794421,-14.774
1.4685264164914,1.56576567062711,1.43763281601852,1.64241437913796,1.74518437079709,2.02753045830825,1.78406620567685,1.4748435399185,1.39471276336799,1.43910502874759,1.60896428662084,1.6600112736065,1.30791456640529,1.55123370867695,1.61356313543146,1.81306518905832,1.63502371872088,2.01971949860492,1.80524968660013,1.84416421073235,1.41726334419385,1.37997468284256,2.03462494767347,1.50329537935429,1.36974150324988,1.99421261013807,1.49909969893859,1.73757258772519,1.52860216619125,1.40771809917742,1.76820506803882,1.55112305704481,1.62622781472718,1.26698238835289,1.50766577065279,1.41874140161014,1.77902688043873,1.48818253195099,1.51283079471935,1.41591422223223,1.86456938063084,1.51316080443711,1.39378529801084,1.46463740537481,1.52555508617314,1.62480566362774,1.40331744359858,1.54226886037442,1.52999886507307,1.49460520883224,1.42370709276766,1.7299130038017,1.60868375221529,2.06757827458466,1.58887194504253,1.78803666574852,1.65952104772901,1.50730048339865,1.80871235955434,1.77912442017588,1.30204988767636,1.66430125043909,1.70110716230026,1.56806562111874,1.85986945299786,2.01031146307513,1.46990241938342,1.63593923848775,1.51464589999903,1.51787449096348,1.57241939268051,1.41839636373862,1.50652590008851,1.36759213065645,1.48940536190053,1.57600685757836,1.8610340450548,1.40438811495887,1.4235568432664,1.50454912682201,1.5911582668879,1.77145029876833,1.76892004043448,1.61166381921826,1.8323898200994,1.463826259534,1.50416853532647,1.77553943531027,1.4704589128699,1.75485291974031,1.62613188468693,1.45415557270335,-14.524
1.54557765705815,1.60800806126121,1.46760404752984,1.7587993812821,1.79874645997422,2.04496273470264,1.78045737383322,1.54534775148437,1.55596426533136,1.51151758675065,1.65379802758667,1.68744904470453,1.36366112837696,1.57604369041911,1.71637085564671,1.88161635833492,1.73011402929374,2.11461520810387,1.85582554617541,1.91727258619108,1.47928132235998,1.40878330453267,2.05262309829157,1.61232440432901,1.47658204464124,2.06647827993764,1.57462344899941,1.84441550383584,1.60643300267432,1.49873313039829,1.86792181065733,1.58351138219542,1.68863050169459,1.3421488562853,1.5851044142295,1.55730941638289,1.7997904354331,1.58223757833849,1.61783473962538,1.50256299956891,1.95097457815616,1.54769839686011,1.44286851513873,1.54187596694436,1.61709337482577,1.70313717978989,1.45241329161328,1.6308244702688,1.59565502076048,1.58740767052696,1.5193954964306,1.84257369321266,1.69904958910477,2.12510548550632,1.61570848687864,1.89736455245885,1.70328088827037,1.57173010693719,1.86920848638452,1.81030298929503,1.35661770983288,1.69710091377275,1.79769769444125,1.63784546943304,1.96553361366696,2.0826345226434,1.56008976176826,1.73152775815205,1.57890027963255,1.5395775057534,1.65116860151137,1.48874898057723,1.5754906399729,1.45479523807087,1.54890114545394,1.63101232217117,1.94618286019291,1.52118304542923,1.50144606551066,1.61410833142736,1.7139322099476,1.87403147960803,1.81907697469585,1.71760683748628,1.90607191311473,1.5247816949334,1.57095186608598,1.84098883039411,1.55779734026698,1.82176288615775,1.66563835612021,1.56706931867313,-14.274
1.54986491142949,1.6278160198335,1.48173313611863,1.80256876122733,1.74231861282115,1.95234627693755,1.70239400231685,1.58833112126436,1.75714927130691,1.57533516300963,1.66089558395578,1.65025067584572,1.39806326776508,1.58781191811796,1.74369376710056,1.92911984378765,1.82693979800396,2.11101021957396,1.9667864355768,1.91085573475928,1.52849392195673,1.38112543477013,1.92939672138075,1.63857244631041,1.57299976360075,2.04988977449235,1.68148799334183,1.85947266908501,1.60977265110636,1.49969739308526,1.87883555532115,1.63098964373222,1.753050866916,1.41011659838475,1.59546755473286,1.69858274858285,1.74117200366422,1.63174701264889,1.72587643037796,1.55844442585749,2.02796924018875,1.51297441026428,1.40361586942084,1.5859705181486,1.6552204054656,1.76623712209687,1.49237297405024,1.71508445259339,1.60775964774775,1.63812325269365,1.58860444662302,1.81171386004892,1.75630767291138,2.0843254937493,1.61402341519166,1.9419350643022,1.69958076513363,1.62314644638025,1.90329135669785,1.72835260331975,1.42076628660453,1.65371471678141,1.82270037886474,1.65425577591164,1.96502214283988,2.02082269552745,1.67402072748725,1.7066483014041,1.63049566103212,1.56653095685784,1.67275664525379,1.46183216893432,1.61471804025763,1.49319570471968,1.56313757532229,1.65802462633636,1.92217717119853,1.58757615302046,1.55597072715038,1.6445679382761,1.7955871152551,1.93565613224681,1.84349410053423,1.87235843822538,1.80203675752987,1.52919896431902,1.65317365433061,1.80555300588482,1.59652905761742,1.82741891955358,1.65580849713156,1.62598522484781,-14.024
1.58246477638012,1.67340375095715,1.49943617625558,1.82757089889382,1.62559825881557,1.88813037768352,1.58668039409569,1.56896742914159,1.82666182974351,1.66008893571869,1.70082988631894,1.64152056544419,1.47339156771435,1.51987012110311,1.79654226644026,1.90851019226671,1.85882758904501,2.17227769468374,1.93053958911225,1.97537331646499,1.61578643731779,1.38121216557584,1.8405554175048,1.59486937663113,1.64500740482584,2.02852249854688,1.78807213841156,1.94540820282755,1.61192972431493,1.50303111031988,1.85849293919498,1.62772676232455,1.81603406818346,1.36746422376676,1.61341194755131,1.72686695956595,1.63539264230522,1.67745082425639,1.68200791579698,1.49800280652074,1.95196078493425,1.49320538086312,1.3417580014691,1.64157064415065,1.71215783862922,1.71921505332264,1.52813078084094,1.81356911534739,1.64543623435321,1.72679084434562,1.6569074079353,1.77555966653949,1.80661228514409,2.07940804109272,1.71929891302924,2.08978115370449,1.73055576103482,1.5909495444013,1.95230735151303,1.67538006710617,1.37565183273243,1.61826778417269,1.83425871834639,1.60774225564349,1.93276183500352,1.90146542852868,1.80568118768955,1.60630493872656,1.5875093042463,1.59497775198388,1.61522463075554,1.37886602715983,1.67705759370474,1.50563804045608,1.67194245185327,1.73743692304633,1.90464981188753,1.51898961222225,1.51706288368104,1.79903289289596,1.79402029059268,1.85990795295143,1.86908272702336,1.98621367681819,1.7202702335463,1.49074680405622,1.69662820215728,1.79707605715498,1.652197930886,1.80845582157465,1.64065028384783,1.72351063580701,-13.774
1.68153018173503,1.74903883527528,1.54408469046532,1.89423300956615,1.64686317398352,1.97690607788333,1.63500703124141,1.66408711362591,1.87345656052606,1.72760918265092,1.7431662350061,1.71025370584375,1.54083641464311,1.60187509141089,1.84702022403199,1.95873384437066,1.94242364096981,2.22184429980556,1.99178083597789,2.00025713552718,1.68684211332506,1.44653399377634,1.94331366379549,1.66986898476661,1.68867002298426,2.12918098794171,1.82230030287102,1.95505331613441,1.70821554788825,1.61380280098556,1.95254840244812,1.6969748476352,1.8616123858564,1.44800454983048,1.68981874518123,1.79517103560935,1.70647801306969,1.72687935190033,1.77223556956605,1.54814968684951,1.98972856504778,1.52854591715252,1.43460204453035,1.69827086856727,1.75291196899205,1.75149524840398,1.55877491404657,1.8285173156869,1.72071327018406,1.76656350015808,1.72943170942224,1.87952281443179,1.90286552437946,2.12388886542836,1.79502345103695,2.14886896617641,1.79331416844553,1.62010477218803,1.96381901992304,1.7301259993392,1.44772504835525,1.65442452987349,1.87659737077235,1.67325458493776,1.94704102959558,1.95448241930472,1.82960001613657,1.67266984866006,1.64370294114797,1.61174400155217,1.66897465873528,1.44779965413704,1.70260229978453,1.56745878845915,1.72925058091342,1.75928384589524,1.97852664528912,1.6155559740656,1.60394487249672,1.81696478951948,1.82641089817635,1.91340311142564,1.90682455816312,2.00081231920621,1.7810578521037,1.55723904802102,1.77962997193154,1.84986647669359,1.74582616879517,1.89336882468816,1.71680935857319,1.80594831980374,-13.524
1.76534190383652,1.80063129092271,1.59196242959121,1.9280055062436,1.65009797991026,1.94624767072456,1.63891557920115,1.7291111164505,1.91593601064189,1.74681863290121,1.80113668385749,1.74423775980055,1.57953198263328,1.65844954529341,1.84426959632913,1.97684094912203,1.95408379599978,2.2305218350444,1.96419622272308,2.02821327685425,1.69176476814108,1.52024728924325,2.01019981633364,1.75813877732804,1.70197021372363,2.16261597759227,1.88358723884678,1.88476386667996,1.81048553356292,1.68952588456814,2.04286342289145,1.74350275952468,1.85259530406517,1.5054060182736,1.76626292945752,1.85407984449377,1.70137269382089,1.76085135240929,1.85739944215852,1.56273023724361,1.96022720056777,1.52138339238011,1.47494794806298,1.72466883146685,1.72684762513126,1.7439807188082,1.5729176150924,1.75426395954708,1.72785940251371,1.81298593611954,1.7561098429968,1.96073796033162,1.91320499588213,2.09645729212819,1.81869959342955,2.16074139863305,1.85902596833969,1.58649736700049,1.91382843956815,1.80354280551805,1.53011661293525,1.71610645803198,1.92102067882416,1.69099389907592,1.92394958454175,1.98559851005192,1.79055088758493,1.74204759504194,1.64389268182382,1.56477462632103,1.65640583537254,1.56390885885217,1.66918325041858,1.60240527013624,1.7688284598888,1.74876637549791,1.95577155635538,1.67757205551717,1.65269499274945,1.80684723547333,1.8008653434909,1.96898340331009,1.8922544383886,1.96561236976757,1.77800769075413,1.59913279786208,1.85665196305712,1.94474205845478,1.79546642478434,1.93395893018279,1.8070921074915,1.86169661425793,-13.274
1.79365301695037,1.85018779865929,1.58053875350791,1.91333419975144,1.68313389127636,1.98982227084744,1.6038880989015,1.74519689784423,1.85114135493804,1.79077773919817,1.78618027950089,1.73108337998948,1.61331546644745,1.75985408432789,1.79784073858708,1.93230084380898,1.99718040904796,2.22621482033644,1.95072524626315,1.9970529578071,1.62639770857141,1.53052375468335,2.07721105051464,1.79336621167007,1.64371077144948,2.16200966812742,1.83973814280886,1.84879362857052,1.82048261517798,1.73678779707504,2.02868160343008,1.78218768049586,1.83091955984426,1.53713843256048,1.78162948339256,1.85018145203553,1.75280372700283,1.75186738461508,1.86499983669066,1.60558612740429,1.96843207962421,1.51056312886399,1.50677110414827,1.7280192374299,1.7369838190091,1.74632889528484,1.52868813646174,1.7036156579749,1.70700682224248,1.7743680539156,1.81204936184265,2.00886829106127,1.90072736518176,2.08229278081826,1.86157120847375,2.1530051382418,1.90097422818986,1.55670280017292,1.83966053863039,1.81170976583739,1.53305735792309,1.74094174573732,1.90630335136733,1.66423148500558,1.87109656765596,2.01588261437875,1.75465183835434,1.73089950178096,1.63420606097513,1.56579592579367,1.64637019187883,1.61513419634077,1.65874372548224,1.60957914863256,1.73740126454222,1.72244433285895,1.98265629869721,1.73054792612813,1.6550087196038,1.7677505800079,1.81313491759482,1.93534957494403,1.86919161214019,1.98801583910581,1.74496454913172,1.60728874957747,1.89372596957432,1.94762731875241,1.82513024411668,1.95144861987525,1.81957948205737,1.85731011419989,-13.024
1.80942788658453,1.99876455362431,1.60721521821508,1.8873769976756,1.72568303761193,2.00054091606867,1.61793800240019,1.78955305298088,1.81074752307777,1.82478520812503,1.88067520158482,1.77902693442231,1.68090603916896,1.78407249051411,1.83713887545141,1.98450286414752,2.07424965324525,2.32678989776442,1.98413436692527,1.99103206996561,1.68602551981876,1.50082174412184,2.06080512437987,1.8089363214157,1.69195989246419,2.25230116782092,1.76476694262985,1.826577645659,1.8911909019968,1.71893680651353,2.14654354784362,1.95407311141422,1.85370163905376,1.61469780993107,1.78560294078931,1.88516984409726,1.86085497001844,1.75966013898846,1.87855256411107,1.63802240805108,1.95202073657798,1.56358251323268,1.57334321620154,1.78095372267121,1.79022532848867,1.79674908237896,1.52692054171209,1.68908459334815,1.72012083834839,1.79965617824087,1.96847834791448,2.20672192255967,2.00783600850338,2.15699078439372,1.96384331773844,2.17213670053201,2.01200193460361,1.64043271199619,1.81999006649288,1.91092830022992,1.65510985778117,1.7483324897313,1.93649730859689,1.80134838366786,1.87475098490526,2.09733930900328,1.88898551251527,1.76882664254648,1.69307504364123,1.60197074662161,1.78729638413902,1.64935397223865,1.69186077763275,1.77929271907009,1.79613348930799,1.68983282605443,2.05481701360708,1.74743987860504,1.82632094461944,1.83382207660083,1.86589096333307,1.95192715684009,1.87179511323531,2.01576637817117,1.76124577820259,1.73156570357822,2.0419033713256,2.0044543784597,1.91176129102725,2.00103182743807,1.78887169845345,1.93578564960726,-12.774
1.84467871695625,1.97570992872206,1.61057255711936,1.85651679176332,1.69516763739857,1.96463649998507,1.62802819917731,1.75915126577479,1.74169311770387,1.79106886846219,1.82031652985393,1.78638452811236,1.7165249293937,1.80384878187449,1.79582974834916,1.91434604915016,2.07358034767334,2.29518219901947,1.96289918102589,1.953757005774,1.59997518855472,1.50718047520487,2.04443932376252,1.82206932114729,1.66974433937325,2.20261102651632,1.74183313983613,1.80530391677794,1.81895885399542,1.73263170717542,2.08311252782114,1.94607292880109,1.85288173525973,1.61545854583498,1.79430646027427,1.84297710899435,1.92124792281689,1.78943727793069,1.84403208202648,1.67038754055002,1.93510503155356,1.55456750529545,1.62570197621589,1.7681969424131,1.78404400107329,1.79522597124276,1.5031639031786,1.69316021656688,1.71482883965512,1.80163492053198,1.94082091608414,2.14754267157129,1.98463177724598,2.1177859689751,1.97370785035874,2.11739779553951,1.95256759533948,1.60717676939313,1.75842082896645,1.91896721573998,1.62423566512226,1.75727200133983,1.94199106782254,1.76782047036808,1.83259464251439,2.01887342885859,1.83751342386431,1.71856722091267,1.67093785114451,1.54844411434434,1.77901859103132,1.6597601928215,1.69482296695957,1.75632630123746,1.82201777539386,1.65910720746179,2.04589761321222,1.76324149738483,1.80417266835664,1.84232510967226,1.78698035403114,1.89064756370216,1.79303956614419,2.01478638203355,1.71915671843791,1.7090338164317,1.97933867522965,1.95366823235012,1.93851105977286,1.99299949888596,1.76144657723307,1.9298601660667,-12.524
1.88136938991826,2.00702743377641,1.68347108024739,1.93097681771653,1.71969981563537,1.96239931214267,1.70841262516313,1.75218765925985,1.74348469398798,1.7502292978462,1.86856405671927,1.89042597081657,1.69954205238114,1.86857305456487,1.77855875984075,1.88597813462926,2.11551074908516,2.30754061109656,2.05319134505364,1.96438596907558,1.68012080958399,1.55241488187153,2.10220812861368,1.93277022893584,1.73529336420354,2.16762533315101,1.73035591625237,1.81859588635349,1.90538742103116,1.73318522980708,2.12313551523475,1.99656169857531,1.90696037510554,1.71895807461548,1.78023869736513,1.85483442466146,2.0187329685692,1.86746743365713,1.87256846150661,1.84859735440196,1.93134922650987,1.56090732498402,1.61982618094159,1.80296852046276,1.78486421103075,1.89253059283097,1.49124460283082,1.67112907547287,1.69062366000949,1.81397958426864,2.08549221070954,2.2356726294967,2.00244634131804,2.14694251564565,2.05420290670593,2.17205183791009,2.03444658923651,1.64920981441078,1.79783036049798,1.96956881213325,1.65956680944487,1.82825576310159,1.96039223117179,1.85677342230983,1.80699363696855,2.02496198546278,1.82312390325508,1.74882752272675,1.70094931458944,1.61453068324849,1.78165478076366,1.81275191022296,1.77079912086004,1.78342325002086,1.87112554819044,1.68603006794871,2.00030196575568,1.82395225440321,1.8165370284726,1.89456113098749,1.85454216889741,1.92622437596031,1.84022129013377,2.10087759830445,1.71294533699196,1.75607552204537,1.98408635617447,2.05445860488816,1.92841782840316,2.07793673788542,1.75400294254978,1.93277449008367,-12.274
1.93674008810919,2.021342611131,1.78332431483287,2.00373106613725,1.80917106738332,2.02009766583345,1.79646732621804,1.83768634610451,1.76446207715942,1.80744166652639,1.90523316686843,1.8929945327103,1.76524706639371,1.9111300039506,1.84806873084722,1.88970166041299,2.14844981938946,2.29903400007772,2.11031955889154,1.99397954392814,1.70786538686603,1.62271378343634,2.14927695354665,1.99670689033183,1.76685227717125,2.18590881041688,1.78243377717443,1.89542349259811,1.93446265494241,1.79690390722348,2.16145322906582,2.00425527734477,1.94095420554176,1.78810722869352,1.79961455691366,1.85391470336803,2.0730323955931,1.8934783332192,1.86780681177994,1.88181164165554,1.96778973372026,1.60886284281553,1.6169520434783,1.85186094051261,1.83530275753836,1.92977237064165,1.53599936409999,1.67591235862491,1.72240083921197,1.8838236104158,2.12947801118831,2.24492977174338,2.01437950718122,2.18574912525884,2.05287869344714,2.16981544626906,2.10201628679428,1.68987662159848,1.85123585281744,2.05545059329049,1.7227565022037,1.85341954082462,2.00101059318974,1.89682786528285,1.82912477672752,2.03160022819239,1.89503827580944,1.77681086188123,1.75931993286828,1.62103167301572,1.81555947493234,1.8698891787341,1.80161646970587,1.79768171483402,1.94182367719201,1.72475512219719,2.01035347151565,1.82693701687876,1.87988316911997,1.9132215433499,1.88197912235993,1.95793742760394,1.8769806180601,2.13758191436403,1.75126699547413,1.78235599510927,2.00221375982337,2.06568932738276,1.98577919306757,2.0958759907001,1.76006195851292,2.00250130411569,-12.024
1.99367509227555,2.06401909241972,1.83026223018416,2.05937345747541,1.86769887764753,2.07283345592267,1.88090089615408,1.89283355568269,1.80529834414781,1.86666703767413,1.95570074666919,1.94863540104632,1.81422157551074,1.96380826495509,1.90784659981808,1.93792589498613,2.21063441033918,2.31681159423191,2.17846088558443,2.02789652513444,1.76369334313756,1.68301309012312,2.20893160099101,2.05026734020275,1.82616202018844,2.25704411242084,1.83790303649294,1.92467648366933,2.02300490517334,1.82743730368175,2.20643176649043,2.06179292748921,2.04181485675862,1.8325449029789,1.86586502195222,1.91320451836745,2.12358373597161,1.94743723814557,1.89421991330725,1.93221195826083,2.04331446883523,1.67007914977592,1.66761945043427,1.9081492704806,1.89078184853714,1.97875469482869,1.60939625965882,1.73815830026386,1.77681506269812,1.93330459131803,2.16796682505459,2.2861763612601,2.06336135443276,2.25675127871508,2.09073047250209,2.18774568036295,2.16003352700084,1.75261952220507,1.89746789451774,2.12770768686373,1.76577220332966,1.9132450516052,2.0574247705767,1.94485071587085,1.89044837517391,2.09704730824406,1.93299917817895,1.83656209043968,1.83898218483681,1.69439230520221,1.90047084078325,1.92248575113152,1.83522587633865,1.84484674791018,2.01820747285115,1.77263627067563,2.054550986136,1.88855175032463,1.92555372946961,1.97135252922515,1.9445692263485,2.00491603113766,1.91257528522964,2.1893836467425,1.78964046772534,1.84093736736951,2.05391021878096,2.12730517929587,2.03878029004757,2.13523502646227,1.81165465499671,2.08052615453714,-11.774
2.06057554947924,2.08151433948513,1.87988935208127,2.12660366783494,1.91404036671456,2.13889737761878,1.93441538992422,1.97296651135264,1.87066841993716,1.91916366501908,2.02830201613163,1.9973267944119,1.85081667262396,2.02197898027042,2.0021717196122,2.01739413928311,2.26924236497478,2.35069666089635,2.26310572514605,2.08407404675411,1.80732017082323,1.73947480727965,2.26425482655726,2.11065397844457,1.88822943467804,2.2810999227364,1.91047807769372,2.00943327264235,2.07652428985408,1.88213161143467,2.25819414605992,2.12807100915854,2.1130648624522,1.89257276136603,1.93194997023821,1.95018415453366,2.18043890286821,1.98930485889988,1.94430583212001,1.99285208498256,2.11593169289452,1.73034249724204,1.72363833724698,1.97792048515204,1.968155972863,2.03747847988384,1.67217711243673,1.8028688219943,1.82209563157119,1.99118979351335,2.21041605140008,2.35240191988703,2.08843895802742,2.34033880533902,2.1139965368556,2.22736364540535,2.19699583803881,1.8304920431789,1.95414725605846,2.2015013890784,1.8168368832537,1.9830862286462,2.10314407733363,2.0132988801459,1.94186700691386,2.13009308259878,1.99757780623925,1.91506254676201,1.92124853801076,1.76496463611343,1.98516660833636,1.99307349656786,1.89521035730556,1.9281927466509,2.08704424514486,1.84364473611376,2.1094573140249,1.95534702539456,1.99415705737782,2.01756530098443,2.00214705562675,2.04405099416799,1.95692041554537,2.26278305054698,1.87269338483556,1.90943122043551,2.1198502498815,2.15630531583443,2.07301972488583,2.17177443033092,1.87708205345301,2.11633018491381,-11.524
2.09415694973689,2.10466299279348,1.93675884520738,2.19954195972676,1.97693208295257,2.20098012845311,1.9996923567031,2.07306076540244,1.87283230087275,1.99867615302577,2.08309002438266,1.9989195548581,1.92456209367514,2.03283686345718,2.11179297949602,2.04474484186531,2.36763837879096,2.35872957762951,2.32025368825898,2.11421359859293,1.9154953724457,1.79919424814825,2.34258536157106,2.16726051212361,1.93419295236095,2.27697303484929,2.00936555494754,2.078027322249,2.09196629559683,1.91512904179734,2.28020978781219,2.17029994106085,2.19701635453096,1.97226147725527,1.97891402932878,1.9666290866567,2.20628530391222,2.06277441551571,1.98626787304637,2.03215960741541,2.20167773851653,1.81831337326297,1.79248197684005,2.01479587048949,2.01891705757441,2.03639848320816,1.73420223555854,1.84570239436466,1.91275743083426,2.07971208819445,2.24733057022644,2.3851012227532,2.12752916144695,2.36482236299044,2.15079065896586,2.22917890478032,2.27935621196518,1.8937547941744,2.00658456305134,2.25988067447665,1.85945049578364,1.99862813922161,2.15195152120907,2.08122350563081,2.01293344411488,2.18002751615423,2.07122706717716,1.9573254825641,2.03661693364236,1.80655216875732,2.02925741805431,2.03687718064667,1.93994559170177,1.96167235040712,2.12353750136324,1.88791616391359,2.12550770709437,1.99532552327237,2.0072760683665,2.03962853567065,2.06458608644541,2.06967459108065,2.00174005000046,2.30858002900345,1.94104391284935,1.95230440073064,2.16906841009789,2.17117608263644,2.08888518315243,2.19764453260386,1.948995521154,2.161322690803,-11.274
2.01116738275139,2.01755943931525,1.90638532819826,2.12351890781099,1.94315451225561,2.19884281283084,1.94966363500774,2.02064664431267,1.81998024414807,1.94652908377585,2.00582069107074,1.95376162792698,1.83919784291258,1.95986163384803,2.06122528316701,2.01017461638681,2.22246038026242,2.28893393847902,2.25362958437086,2.03551687082791,1.82017272417744,1.7907143777452,2.24101322961194,2.07331729745417,1.94416122656296,2.18845399318195,1.92694815946495,2.08381550210005,2.0159153492466,1.87262780898231,2.1853264253084,2.0961313262129,2.17229278101215,1.90618512198965,1.97199657959636,1.91153606879036,2.16017853578257,2.00052986591672,1.8888408161903,1.97620646003281,2.12431294943796,1.76383026076388,1.77593589643006,1.9875084048134,1.98458637414271,1.99357313922538,1.74311989848683,1.80932067795787,1.82383748045957,2.05898147545366,2.15842140807982,2.28701383834887,2.07656489555439,2.33686342741779,2.06570776223904,2.18863153801461,2.17221689785471,1.90648166758692,1.98681895149928,2.18879907673297,1.81481656249109,1.99775727379295,2.09333697090522,2.03487257780335,1.94545017455305,2.12766946997974,2.00100140126388,1.94525037865129,2.01239349209976,1.81819889254413,1.99715966505397,2.00481268794651,1.92033809751852,1.97328724671734,2.11139620037022,1.86265433202543,2.05880994026276,1.93164007630339,1.98160872962333,2.05706439407744,2.02911254155254,1.99224391536509,1.92551260645925,2.21101688294501,1.88092655410893,1.95755704905073,2.1246674856015,2.09917865166715,2.04945652990642,2.1319530952424,1.90583739373311,2.12032317575754,-11.024
2.06376918576495,2.08987009162463,1.99859706629852,2.14832394299954,1.96403374250934,2.27145370954993,2.00336410538264,2.00395975926631,1.88499541326463,1.99581743448835,2.02377257857169,1.95917006056511,1.87213159604183,2.06268941344597,2.05778446463505,2.09924637256756,2.25870226299613,2.34600595306464,2.28070694694888,2.10742438738947,1.93677834156901,1.87257158650422,2.24674963885788,2.08726758589134,2.09704297807496,2.23036738196997,1.97348027754833,2.15693446640687,2.03552232403255,1.88869106835929,2.22157176876558,2.11718910628126,2.22136873901547,1.9117994444032,2.01599384666847,1.9923506482188,2.19876589563385,2.03577778493797,1.90807826826867,1.98669103523285,2.15257723155005,1.8370004174711,1.86628523335577,2.0682277401034,2.04048559155242,2.05912371925947,1.80503057509941,1.87542662536822,1.88326931124982,2.06930659549731,2.1703831574665,2.29388524351873,2.07685302391006,2.3768192371126,2.09245753467444,2.27796536713824,2.2134274898708,1.96756840729952,2.06929782150191,2.22911399762953,1.88657969995907,2.04292939743796,2.16559585772576,2.06301486690094,1.97200130596789,2.1465741121518,2.02953210383338,1.9928392519177,2.12635030121101,1.8759579098684,2.0998146441483,2.0604059269816,1.95424808568308,2.0328435745381,2.17665530752371,1.92164898476745,2.07515469141252,1.97044528838554,2.08686971479896,2.12377356981604,2.1062295219727,2.02360878108775,1.91565333944794,2.26152401003485,1.92099030765812,2.02316115379871,2.15848747161586,2.11872488069411,2.10668011603906,2.1737881956494,1.93673650334092,2.15916914181292,-10.774
2.12707201676555,2.14989371565022,2.04810227968339,2.21463654441233,2.03059815815562,2.33203304999761,2.09263652064347,2.07469496912131,1.93936410980066,2.05209446939295,2.08672210627153,1.99674256730639,1.93153232283534,2.0982214781472,2.10945607907005,2.15961514138682,2.31443981288557,2.39157037110827,2.32331335508464,2.18519908430514,2.00653086313454,1.92965310019369,2.30501960733681,2.13554344440545,2.17639413787648,2.31774093165202,2.01056094373082,2.22214935495694,2.09752912336375,1.94378960926759,2.27715775046912,2.19019631510919,2.29495897043815,1.96822943365759,2.06932070968517,2.06624308628761,2.25705126216116,2.10959282809729,1.9526742851415,2.04783692445301,2.25977326740835,1.91697400687676,1.96973404925252,2.15291831059659,2.1334935692351,2.10333152266136,1.90338018853309,2.03513393665498,1.93452304491971,2.1127748310639,2.23503930734579,2.32801637749103,2.13774577000027,2.42856091124742,2.13865518671421,2.32000805616418,2.24238321735298,2.03243579272183,2.11706587943904,2.31044019741823,1.98921600279392,2.10821149130184,2.24262190342526,2.13687232161755,2.07697039655568,2.23590781141576,2.09114728333965,2.03984090405387,2.19524978816001,1.92484176229645,2.18302947749316,2.12621234826576,2.01222120517103,2.11684687116182,2.23231705850146,1.99302626643563,2.14444549209407,2.06804458818997,2.11571409294263,2.17055513551861,2.14820624486208,2.05704256407458,1.97907934638826,2.29464467535813,1.9639794270471,2.08830156516282,2.21934453351943,2.18046689858806,2.14168662874769,2.23311630320208,1.99090215384561,2.24385388884781,-10.524
2.15997856675427,2.1747386487634,2.05598036722356,2.26085974918139,2.05042075849901,2.3482550527905,2.1106932442573,2.07106607848213,1.9380160970672,2.06587683125931,2.11953048707251,2.00415032086509,1.96195318305149,2.12199250412222,2.15820954900871,2.21801465519985,2.34176716563859,2.4093733186095,2.32707058544473,2.237708265336,2.04835066759066,1.98289122593095,2.31267478107166,2.14466627281178,2.19962112873355,2.33790628632476,2.0346961656088,2.30262826801677,2.13881172454673,1.98583439273817,2.27968877130702,2.20834600545347,2.31119140676503,1.9741537309147,2.09109728134394,2.08687821450693,2.27871235578085,2.16513938207565,1.9843510977191,2.04063163551498,2.27527331790886,1.94877222621346,2.03266911647569,2.17600635334898,2.15857950401298,2.12524520991128,1.9427916181937,2.10454961697686,1.94174474290764,2.13988638133974,2.24987496769205,2.31500849561363,2.1718389453989,2.48972692428598,2.15222228468529,2.32469128619592,2.26057533940148,2.06824737237634,2.14968557581585,2.32681100078614,2.05921766266894,2.1008253920004,2.25066711502326,2.17306359643255,2.0950740356332,2.23885125128018,2.13522637102296,2.05416183324749,2.22882955754707,1.93920937146069,2.28357389875107,2.13756115889673,2.07146996206883,2.16582749254754,2.26804757970453,2.02934107234527,2.19195509428217,2.10064023411916,2.15005923843058,2.19969273395808,2.17004081694724,2.07449026543862,1.98258682621331,2.30925629934696,1.97511064192003,2.117686626774,2.26618391726938,2.19628041387918,2.1872325250576,2.2618487876925,2.03392711666098,2.25266768469399,-10.274
2.14809376230431,2.09743533528787,2.01294614423962,2.18833520672587,2.01734106563672,2.28525742530326,2.11117913463504,2.06780861265545,1.93688674860142,2.03585613284628,2.06180439313102,1.96631050879956,1.93926481338046,2.01220134638644,2.13809444254876,2.17035557351622,2.25165177760357,2.2826626110548,2.24889763952902,2.15467677654699,2.04580935260905,1.97874933323035,2.27054646461125,2.15615732635237,2.18142224985009,2.23439748498371,2.01625921025057,2.2504185538746,2.08888303060703,1.95248084496554,2.16583320215386,2.21418550555162,2.21797558467989,1.96647862867,2.05418807266159,2.03325103384156,2.22802258761818,2.1701825383299,1.92909149035009,1.95141645641461,2.22741733624142,1.95719456255148,2.0304699072687,2.22841299484225,2.12334139397498,2.07664135940784,1.94484378624797,2.14057083114047,1.90477151632848,2.06236138446422,2.13442217928897,2.23812143819751,2.16469966914323,2.47732299206501,2.10118718103781,2.25361395540114,2.22339659103744,2.10352379437913,2.08393668961823,2.28196510697767,2.0585839675458,2.07797074983709,2.2097804320327,2.09864529001537,2.07098618322264,2.1849241423382,2.10671950243741,2.05289397293398,2.19825081212453,1.89445970968234,2.27099039510803,2.17475003269455,2.03275847111433,2.14737495014637,2.22238688981886,1.9979924595588,2.15494314036514,2.0638393317592,2.11494351526966,2.11523717527967,2.14952488107223,2.06165540508088,1.92050018761791,2.28256455920421,1.91552036976884,2.03730525721529,2.23291568396302,2.13534107542689,2.14814289729136,2.25170677603139,2.02678667641505,2.20982770542895,-10.024
2.13798400404711,2.12558907363632,2.04793671648775,2.22174487665403,2.04337804546294,2.26999002218822,2.12685650606077,2.0616181656799,1.97069224728054,2.05060869097035,2.13869548018954,1.98614174976636,1.91449194597611,2.05854422306237,2.14251822668976,2.20185817820831,2.24373463298042,2.213687635124,2.20058874393461,2.2013163521998,2.02028974834165,1.98984682060217,2.24440028399198,2.17478001235941,2.22204680394042,2.26406260872262,2.01738402081543,2.2033002835376,2.08314778031321,1.9692244877576,2.14879301010927,2.19202746096271,2.23781912805308,1.96185730383031,2.04013627043139,2.04009307440193,2.29346942344251,2.20627365561394,1.91090321864395,1.96841049879737,2.22523978095964,2.00025090272116,2.05539056325021,2.24853272551719,2.11480572337091,2.06860030042422,2.00692880009296,2.11138979537124,1.9054507095661,2.09325420043421,2.14204490554128,2.23592109535515,2.1284512515253,2.46856286987711,2.08201434450327,2.21691617409097,2.20607823428861,2.0662808123017,2.10090276319861,2.33064198540411,2.0758114092564,2.0847521064968,2.23648311041549,2.10359639815083,2.13241415647355,2.16104249462577,2.10681342722031,2.0155602684827,2.20565867924228,1.94688731630273,2.28589641645955,2.1825390058442,2.06891289039575,2.16362714290353,2.2288937958619,2.00270602200048,2.18484644659129,2.09933158728935,2.1271153004101,2.12152044503798,2.09776378139345,2.04990777661923,1.93703211332785,2.26237884757214,1.96886561849198,2.02899484578978,2.22745947909101,2.11947509079317,2.15180957706699,2.22511113761119,2.03916410699635,2.18801393687471,-9.774
2.20164108621579,2.10606028173952,2.08542389024712,2.23459609054384,2.10780653622275,2.29601423526731,2.17595821421074,2.09797318949481,2.03333331659672,2.1283152189413,2.18208901206113,2.03731832796645,2.00876210629829,2.08474936686939,2.19903130570654,2.23608998940695,2.29153592283532,2.25982375443405,2.22485930758067,2.19885066118356,2.05622290100336,2.04433823749166,2.32626648686967,2.19104873473331,2.24176916612128,2.3103829039502,2.0242693801275,2.26017440073424,2.10269433197898,2.0632782718967,2.17558434848394,2.22413897492088,2.24579157101634,2.00093470762651,2.08802745392444,2.04222461320378,2.30935183493452,2.24810101218744,1.98268360645634,2.0075728755535,2.27339726982253,2.08763490075274,2.08927311498954,2.25577383315998,2.15600811828796,2.05742967322683,2.03104334492794,2.15994109259749,1.92327723599258,2.14546926955857,2.17130682707137,2.26187398626845,2.11818874099956,2.49128217220513,2.1479243130591,2.23013532395666,2.25805676527208,2.09354156685578,2.10537724243681,2.39664638727987,2.22077955589709,2.11611872154869,2.28137319592459,2.13046688190318,2.14727781973143,2.16196082515477,2.16396729164619,2.01037655757766,2.26121696515118,1.99036265697744,2.34869742737028,2.19406762988813,2.12016487128828,2.14900128676456,2.26236656080967,2.03930329238602,2.22001335846128,2.0715874686522,2.18729020203683,2.12229337184855,2.15408221828564,2.1042904325141,1.94842522261938,2.30134986284524,2.00237934757181,2.05119058616498,2.2206196149864,2.17853253200408,2.25381431895066,2.22862696364545,2.0515463083333,2.21866274292694,-9.524
2.21518290479282,2.10825724716246,2.14547254788265,2.23399869090501,2.12941319073332,2.29693181873487,2.19588854685539,2.10429694702361,2.05235345409712,2.16860974735278,2.2384842239181,2.07714330304676,2.05471107436621,2.17186110764216,2.26552150684512,2.24509275674813,2.29667491561816,2.24114345900759,2.22296838472,2.18991286712629,2.05668925639536,2.0514028799233,2.36587999341565,2.22728094005248,2.27103010441962,2.29470223751016,2.04735943886791,2.23106546838224,2.07566026323686,2.11043508914666,2.17544432695373,2.21987864923272,2.27240750059759,2.00716026798996,2.10671086107279,2.00558594567822,2.37380924558364,2.28700614444121,1.94789479469863,2.02525818277653,2.2831163447946,2.12979124905636,2.1589756947281,2.26651299056266,2.14163894776157,2.06377535356193,2.02149939613402,2.1887200366298,1.93345836550236,2.21041218810603,2.20750995064052,2.25672929693011,2.10768577648895,2.51293855291135,2.13884582132764,2.22346935409099,2.28843691309304,2.12273597985228,2.14760854727615,2.37697667200571,2.27737078004331,2.14528290128547,2.27853440738854,2.15089797929835,2.15706857394795,2.17895303101752,2.17780895292347,2.02103860209197,2.28012844519238,2.01020133777235,2.34096714479911,2.1648253965846,2.15815491950174,2.14763647271052,2.24122384808856,2.03431816040608,2.26594571604314,2.13225158687618,2.21181744463725,2.11384286393583,2.15599183701536,2.16822716295477,1.9537872314191,2.33585230754636,2.01757118157237,2.0490076257183,2.23793127532324,2.20052378053299,2.2820103943451,2.23399848185455,2.06738468159015,2.23499033070305,-9.274
2.22060312950995,2.17132931451223,2.18968355378706,2.29820100030532,2.18148647422273,2.34183329180757,2.20611030310189,2.13895110591672,2.10068543202189,2.18398784098645,2.30495029162073,2.10371298815097,2.06928547560442,2.20465799140592,2.29306798378239,2.32818045626158,2.3112713600782,2.28647133830641,2.25678054272465,2.19002850592305,2.08042541341858,2.10813569811544,2.4097708469799,2.21746314424657,2.29811279714731,2.32491358527334,2.10374161709142,2.2339398568957,2.1290183209934,2.14093483109281,2.2205235538336,2.27554053964101,2.31529382614707,2.03953887132009,2.1316749859437,2.01702198596426,2.34179941333727,2.27171061134235,1.95631818680799,2.08242845034473,2.30045587886822,2.13861585918478,2.22743125198885,2.29524459746909,2.1671551354401,2.03646188783482,2.06250159137662,2.20535161290368,1.99335525286583,2.23853473700073,2.15774353120797,2.25150911053924,2.15342230828484,2.54771286123491,2.1333128030963,2.25627427049072,2.29649521745018,2.14535201442307,2.21562215977849,2.37348782454512,2.26687105775632,2.16046310999372,2.25928399894728,2.16156591005202,2.18579449444358,2.19753459973253,2.22466161608834,2.04402636659338,2.3207616554795,2.04880870133688,2.40055447135525,2.19758998206667,2.17472573130281,2.19172074223031,2.29657006084636,2.04418545607603,2.26678773478901,2.1641613167198,2.20367007085513,2.12099935154243,2.186369882696,2.18562382275861,1.97094120325776,2.36411346314789,2.07022310801245,2.10053841639123,2.26255097702794,2.26018061439327,2.27581511696966,2.2341422739993,2.08700640233281,2.20919531101005,-9.024
2.32730660572138,2.21683375046982,2.24668071310641,2.39913386162297,2.26395877974674,2.40948678949446,2.29207861620723,2.22522287468714,2.18584976195269,2.22659974096351,2.39735616750217,2.17087760327101,2.15579555768308,2.2835558807926,2.37433127302544,2.41656980620492,2.37033378324804,2.31863610945019,2.36509791507594,2.28094455150059,2.15043445659747,2.2023437000392,2.4652000941465,2.30665302424613,2.37412739273283,2.38705499842527,2.21912170481289,2.32395009208314,2.20131822621333,2.19026196546292,2.282506443348,2.37227067279813,2.4024494883908,2.11091769576279,2.19945199630933,2.10039093379137,2.38749356223177,2.33685105673847,2.04754147592436,2.13123412061944,2.38547399977643,2.22515754119514,2.32067366858297,2.37261072085332,2.23697146471917,2.12090990338709,2.13059847102058,2.30463968923462,2.08391227740699,2.31909902346047,2.2511868909952,2.33739376887112,2.22786369819214,2.62694789113264,2.23223925717155,2.36060775811176,2.38129955057352,2.20092145392986,2.27235670104424,2.43685150315826,2.33887246927198,2.22759358687414,2.37781508804986,2.32636295629124,2.28595034448837,2.24691213381904,2.30011487009158,2.10611815760687,2.39518178229562,2.13782855105306,2.44675609147833,2.29688000156497,2.25947014489964,2.24738840107006,2.35792453904516,2.1273938339294,2.32155684122328,2.22905928166425,2.26476527926365,2.17233765909684,2.21333083944789,2.28616337488694,2.07149249008754,2.44263122312155,2.12512982638919,2.15626504102637,2.34896844487303,2.33351404626232,2.32138670679211,2.34477770151439,2.17937736851593,2.27890729159936,-8.774
2.35585200898802,2.2710999221788,2.33640077324622,2.44775820788426,2.32087876442131,2.52135278844225,2.33738297793739,2.29751777687879,2.22568041333387,2.28420705176271,2.4372801657485,2.2155847861207,2.2265141097172,2.3570263368445,2.42422749817488,2.45815980409276,2.45550502770713,2.39396418647009,2.42489137322376,2.33688380544451,2.2005674892099,2.25812572699265,2.47585070957902,2.35867528470562,2.44162257714801,2.42530890248763,2.276463959878,2.40008957700897,2.29941868892076,2.25367977118153,2.34277419832589,2.45672499533699,2.44365138487406,2.17130532491701,2.23634225201695,2.15955830033841,2.44799480270969,2.36218968461082,2.09669852381366,2.21994062663887,2.45930835237694,2.28848007950951,2.35718738861484,2.42953538521842,2.30785944141725,2.19078902433327,2.21940151140234,2.39081845705266,2.14291763693286,2.35192650652576,2.3341262469785,2.38786382054162,2.28111944031013,2.69002837090225,2.27824117787366,2.42638666262276,2.45417923541698,2.2597901807378,2.35951581306243,2.49398023914311,2.36481015273258,2.30555110392911,2.39819836884384,2.37510098913853,2.33354437476322,2.32576599433335,2.33370583507537,2.1725061053037,2.4772676924579,2.18610187123115,2.52558719720816,2.36229814278693,2.30176663777617,2.30492008404555,2.43601687984276,2.18388629728852,2.3626430801495,2.2623059510089,2.33852199754548,2.25320308657876,2.27114330635991,2.35659616812927,2.13919789200504,2.47254857961808,2.17981995252655,2.2285312359436,2.40114406963392,2.38773738193316,2.37647694435167,2.43862578585947,2.23080280376358,2.34986001490675,-8.524
2.4291915778491,2.25542019459653,2.37244528358101,2.51898158202965,2.3979569828142,2.59831613704709,2.37891540199087,2.34426220992892,2.28246362609209,2.32587717522265,2.44181507565615,2.28804334222332,2.29382883386254,2.41151069792408,2.46064202851325,2.51923653728316,2.53640442422522,2.44896301027829,2.44554020307093,2.40244572650159,2.20134770118016,2.34421413213045,2.48549555445337,2.41254224821092,2.53533294452681,2.45776928352296,2.34099847908741,2.44691902482077,2.40901878073475,2.30162011883079,2.43067006539036,2.50327628801282,2.50355562132612,2.18696453778181,2.30856146660929,2.23516470831159,2.50790872080743,2.40611552102401,2.19786648029251,2.28654750977246,2.530154455059,2.3324381684364,2.4391223789993,2.50460104348934,2.34498240874485,2.29528066105409,2.33250027331253,2.47015357513225,2.20428662240024,2.36756104112804,2.33264466543831,2.38783492137262,2.34111458901677,2.72755830963341,2.40903385599998,2.47050129879059,2.45563377868399,2.24508279733446,2.44680193176628,2.59626301706425,2.36859268740502,2.38753940290214,2.49882906591268,2.44917606521602,2.42828136493961,2.3816349286601,2.35863209696214,2.21486997633612,2.51690832571748,2.27628584801158,2.65848056716191,2.4014228093785,2.37456929052258,2.39015643535657,2.5378379088771,2.26653789183686,2.41111524948062,2.33264526633254,2.35607679341628,2.34864400069984,2.33052346875196,2.38761700467793,2.19613491873879,2.58440760748964,2.22792930803711,2.2931136269845,2.52123219547505,2.43307838541421,2.41083965233428,2.50135137256207,2.27653179286232,2.44880974900113,-8.274
2.44244013778644,2.31342455217921,2.38119067881573,2.52559984688479,2.41746567977851,2.62965014941079,2.41800079772561,2.35762744069957,2.33074950684486,2.35261712346044,2.49773524742034,2.35551217899374,2.35734108703294,2.47933560834554,2.48870996527552,2.55903960553868,2.61091691632934,2.46530841975888,2.52179454125587,2.48165223678243,2.2314204051946,2.40190800154812,2.49274774752046,2.44661904869443,2.60139314075157,2.50322707719875,2.39281645946663,2.53339456120168,2.44667772751675,2.36066093136919,2.470183197918,2.52928541763176,2.487480605413,2.22312217998384,2.36163509635072,2.28288807978362,2.53279653012138,2.42265458931503,2.252084352753,2.33122363252508,2.56430648840575,2.34699476373018,2.45081962806844,2.5763382971665,2.40377711673677,2.33910569247572,2.39129102888842,2.48643766309287,2.25315587422604,2.41577105714207,2.40545057237075,2.42610162927699,2.39499591587718,2.7838208215984,2.44541067811207,2.52222638756977,2.5368705174132,2.25240075878825,2.50963719435231,2.63499547491486,2.37802823185286,2.43071923821106,2.49680745574669,2.53680876296524,2.46003728834286,2.45534446036216,2.42006822314624,2.24592178696889,2.52507418954744,2.31685940762984,2.6979059774019,2.42490513639222,2.39944815211968,2.4026659479549,2.51235100005544,2.29175316932669,2.41787698871491,2.37093516395621,2.44434855812812,2.47106717441351,2.34108729876225,2.47966567781725,2.28204518678365,2.59752142547221,2.2565970138202,2.34957545005981,2.52772780233548,2.46171777351456,2.4528744094627,2.5707549131069,2.33824186813377,2.47135518856181,-8.024
2.43204742761409,2.25413641452902,2.35542662700343,2.44240102510029,2.39995216155986,2.63711289642463,2.39042752955905,2.37372199346955,2.32379688844274,2.29957814674323,2.44155331965129,2.36608766455195,2.34020605467539,2.4677406557312,2.44081017010009,2.5167288934168,2.60492184002913,2.48148054211164,2.50330946976873,2.4425291063004,2.21556753794536,2.36334455686114,2.471126102968,2.44292593224363,2.53637162516857,2.51041123228006,2.35452610625889,2.48015186984253,2.45874805334077,2.34302043081742,2.44699132376488,2.51129716958417,2.44775132509118,2.25450350576394,2.31327262737891,2.34256558183439,2.51065878576079,2.38789037680459,2.23876394165216,2.33214014665882,2.47831572807754,2.3272095407217,2.40162143832431,2.54536735478448,2.3796063049554,2.35052846024208,2.38724432977056,2.47734460454811,2.24444497663498,2.36698959980052,2.37933099203394,2.40808198154891,2.39819640004316,2.77251855155431,2.42946524438458,2.52684883784103,2.548752645015,2.23938774947103,2.50298471064137,2.60447637081047,2.34136523027601,2.41274234032888,2.49400987072523,2.56811806015465,2.43661740254019,2.44626917470914,2.40465606335434,2.23695550015931,2.47210255024616,2.30163007906705,2.59058106400044,2.40667577623483,2.33830330407405,2.3714526141106,2.47976606276974,2.26993757411648,2.39798595061768,2.35666806683266,2.43363749926825,2.44425174837687,2.3511133422979,2.44956080847154,2.27613381260062,2.56551441850636,2.24454664605525,2.33555008096905,2.52340044267623,2.45409323175526,2.44503568692047,2.57031385253118,2.32725348297685,2.40061540501231,-7.774
2.38396496401713,2.2799936332707,2.36944238006187,2.4536994419425,2.43688218987647,2.61630257125369,2.40450127312909,2.34321457725501,2.33161412095352,2.26223766998259,2.48140282284711,2.35905271860318,2.31588119876962,2.46333980591859,2.4085576887297,2.48348327123223,2.58415023818537,2.4765321993836,2.55817978948138,2.38500559316258,2.21067534750887,2.32661348589903,2.47784859740903,2.45475733163265,2.51018384257698,2.51750259449818,2.35118464587415,2.41148128228414,2.4763610207214,2.31323379463754,2.46505502125386,2.48952103974709,2.49928441710816,2.29027282208418,2.28269758241885,2.31668288139361,2.50787671502692,2.37061202105714,2.26034376413169,2.3194094364158,2.44707996579778,2.38253517478747,2.38099186879044,2.54141117833335,2.43524356553484,2.34534156294539,2.40119287860395,2.46300042662859,2.3037821064388,2.37520011303074,2.38376656377398,2.40243123019004,2.39524433348211,2.75124693193186,2.38700413929233,2.48593460703523,2.58583488005201,2.23329360311159,2.48212678231683,2.61161294027621,2.34285838664731,2.46178851107266,2.54335089940627,2.59101643478919,2.43893175824942,2.42613524349733,2.44261369748155,2.24695974501433,2.50787007003112,2.25847164432377,2.58334049268565,2.35990825395171,2.35637065276446,2.38652451309175,2.48935974454776,2.25993882201304,2.36561501844005,2.31505835470475,2.43175081585449,2.42638348067354,2.39821211333362,2.491710212868,2.27150084328088,2.55156530302854,2.23150567251716,2.35031739644835,2.46293818814776,2.471121730519,2.4233700930369,2.56365501394184,2.35701301693828,2.41667985779051,-7.524
2.41781196757028,2.29271231497547,2.4338615155236,2.45507658010696,2.46736973532049,2.69941750104801,2.48269475680142,2.39739798754766,2.3875578188342,2.29263616218413,2.55440357583202,2.43390448865704,2.36188902106587,2.4806279943126,2.43547737366074,2.56352968854499,2.64127506627873,2.5036428567427,2.62189772350211,2.44285605411763,2.24957474863856,2.36174213414364,2.51831728160535,2.4806684609245,2.49913614872885,2.59509886189663,2.39216964086718,2.38705153498778,2.4979821403899,2.29583466426099,2.49493543304957,2.4686326199236,2.52745676330938,2.38578127783875,2.28371696487485,2.35757025849723,2.55147532008893,2.39951170470934,2.3389166476738,2.37974213690821,2.46087453978604,2.44739506545626,2.37696926264995,2.59615415008266,2.49381082632588,2.43947631502166,2.42397147012534,2.49161609737882,2.37090388462084,2.40199803171646,2.41088811060674,2.42071497849098,2.47541606737968,2.74830251312336,2.456741834393,2.54391535350203,2.64624046617948,2.27724622026641,2.52702699148152,2.63273918455352,2.37704570374017,2.52798601532129,2.57378937385219,2.60925684422865,2.51866239666838,2.45550461470013,2.55169057209382,2.25439674327249,2.54646184377113,2.28376607809629,2.61542976979112,2.40966843999062,2.3750584741201,2.41085947794053,2.52976122773419,2.3013286230825,2.38985625917281,2.40708979909661,2.46487620229341,2.43686963404854,2.4318029174296,2.57048036645059,2.32412872740556,2.55762500973987,2.31239202356134,2.38596915259343,2.47421641768828,2.49463999480245,2.50069718759483,2.58533030649673,2.35894252285974,2.39372392142626,-7.274
2.48592896051104,2.33725475269428,2.49143204180541,2.50197146908767,2.48796947383564,2.74917054032814,2.56213153096648,2.42160354307579,2.44159472101023,2.34663375190057,2.59346463905078,2.50025115220136,2.42108783996847,2.57325438462092,2.50443119481481,2.62267019849252,2.64849561596641,2.54978726236616,2.70494676786643,2.49458200403686,2.28849108857328,2.39866808519865,2.57264128155404,2.5152738166695,2.52727049045003,2.67632543688682,2.43314721531502,2.45113656925408,2.53308202772438,2.35617480733239,2.53034241674019,2.53240040378565,2.59739445487239,2.45984455480388,2.32364725543965,2.38920810143179,2.61995193973184,2.4453890916396,2.36825805030538,2.42433221691737,2.51001774005723,2.48470088785712,2.44939471643506,2.6418466177712,2.51884888510964,2.49107141961375,2.51098834514462,2.52317543540606,2.43017411123904,2.42647597948001,2.47464036617758,2.4654683138985,2.52096633820426,2.82942455221394,2.4983803175206,2.6119560009267,2.73878628242029,2.38549493004705,2.55173320396154,2.66719577283925,2.41431489166541,2.59503639132713,2.60256045783045,2.65887460933078,2.54386651544153,2.48801714778945,2.57079199477245,2.30094635777739,2.61583506448729,2.33750534199445,2.62031558618175,2.47470640821123,2.38790502485043,2.51659439898391,2.57857456483259,2.35722907874641,2.47956794389761,2.45893997670193,2.55674300995726,2.51014591040376,2.47201322875349,2.60566480608147,2.36993012620586,2.59113770350837,2.3373061708926,2.44075594910577,2.51612229395846,2.51490516861992,2.56258476182378,2.61706862851765,2.41541365711337,2.43591771604785,-7.024
2.48055502648013,2.32133353256072,2.51833160017366,2.46796356292131,2.50726772424186,2.73898593943762,2.57625717988125,2.44712390353498,2.47620977292784,2.39035644024024,2.63334879559531,2.50920517047507,2.37722656711347,2.57425452362585,2.52293339326337,2.64640361414864,2.64559608877601,2.52516831461482,2.67764564481712,2.47254800574168,2.36083083229814,2.42668618732652,2.54439053042044,2.46438240800908,2.54365771098901,2.60332755646559,2.40421363489054,2.46583209684427,2.53378761850242,2.37969459386396,2.54786461646653,2.54677691531801,2.60127807268909,2.47879643619288,2.35000291782122,2.37085665576076,2.61099400492649,2.45883164441672,2.39235992225561,2.41269073983197,2.52930371488448,2.5056485375048,2.46618648251758,2.62724562590839,2.50021252962292,2.55183484419013,2.53299907394667,2.52506801990517,2.42917478058417,2.44646591565753,2.51189756053933,2.46469898224353,2.52071015381881,2.76773682487031,2.47551549915756,2.61643013786077,2.78355512137888,2.39279202617643,2.54924788584182,2.66421011132842,2.41604976291387,2.58102912622324,2.58252927307748,2.68753751578598,2.52593939087993,2.49549723126358,2.63856187763002,2.34139241429597,2.63721794600546,2.33305260690908,2.61294437973202,2.47006585111906,2.38384591406703,2.52667808845975,2.56396378911611,2.39472981914888,2.49418757014487,2.45674532422455,2.5433348852291,2.4703720830754,2.51169099038434,2.61173617192121,2.40400693582318,2.59059417978973,2.38748536272497,2.44099202022789,2.49092735883348,2.49402545973846,2.57782416720002,2.57796396471921,2.4172887671605,2.42204517818933,-6.774
2.51305918376088,2.35305761338215,2.52411426935498,2.45977317627297,2.55372689268739,2.76692311055803,2.58807548601676,2.41717144493448,2.50170811513708,2.45503591593199,2.58130563709888,2.50619195172778,2.40392296828383,2.57229399528587,2.53904317135918,2.65736771532526,2.65693999484005,2.56199070233858,2.70077072052277,2.4628853486944,2.37266102135074,2.46410850894541,2.56060134458329,2.46881159943893,2.57257830924577,2.61222406831153,2.48353887697941,2.49612688242351,2.52457253011416,2.41990242496489,2.5219061968709,2.5285236719666,2.57444502306421,2.51629447349853,2.34149580828703,2.38778911141371,2.62137713600658,2.48022024899289,2.41288842697262,2.45571906076619,2.53623380894961,2.48726569280471,2.48584899586989,2.64088299473273,2.50119549623177,2.57219144394177,2.58357176944506,2.54579929410282,2.47422025202646,2.45482566171358,2.51562962941444,2.47406829678723,2.56971785292247,2.79224988217185,2.49921616018126,2.61092420698927,2.74865438130653,2.4306047878043,2.59167086078536,2.67463181341754,2.4327298535045,2.56441253341401,2.57527931019722,2.64929584190252,2.50246646173877,2.53659980337478,2.6371775605531,2.36005096083733,2.62887773472693,2.39949800681724,2.63522076250296,2.50006118710717,2.39398797511467,2.54783231580099,2.63800893112585,2.39746439326446,2.47129428624845,2.47898217298868,2.57353959098444,2.51541770239246,2.50528767937059,2.61118469555485,2.42692505650963,2.57094123836682,2.41415353617145,2.40712896995639,2.50424789623603,2.53276656851522,2.58816582928067,2.60160864819139,2.47454711114663,2.47742301098864,-6.524
2.50826906686034,2.39024536095713,2.52813627745821,2.48182703839424,2.52595468095156,2.71395042496646,2.58508776403012,2.43223435720031,2.52233656883626,2.42103811418051,2.62058959031747,2.52627480706718,2.37830341137842,2.56101576789565,2.55611693822908,2.62673510996715,2.6450937204314,2.54461231713619,2.63132458737396,2.46245172260421,2.42704635873805,2.44790676732984,2.53541894897434,2.45231499035647,2.57620929954476,2.57145615940404,2.43226242715836,2.48267236687441,2.49087826208339,2.45251645144655,2.55062597901625,2.52214153924264,2.5701963162973,2.53320923811861,2.36673774218295,2.42120055472575,2.6328450598903,2.51141091990555,2.45904903042875,2.47327245264232,2.52786183499175,2.47920878988899,2.50525797165529,2.61647469110195,2.51110783359743,2.58599765304254,2.58655451249966,2.53364840196232,2.45182984790915,2.44310745437022,2.56291589495139,2.47961961006911,2.57785819204166,2.77733466750998,2.52019953101945,2.6090616754521,2.72329015391012,2.44100003147945,2.54693302789612,2.69263485483078,2.44763046149907,2.55113698649288,2.55508469520208,2.66018709842722,2.46682610223918,2.53575929081461,2.63035831755292,2.35599346607071,2.59119563717365,2.41210462854224,2.63790861196005,2.49040499582103,2.40511791328686,2.51657422623472,2.59056350784032,2.40025174990747,2.4837273445525,2.50934714209277,2.5847221952926,2.46184261853598,2.48465328224672,2.61320370241962,2.43458785107106,2.50501861444128,2.46737570846347,2.41357783725602,2.47326165853973,2.49581994401846,2.59328172526512,2.60554890625283,2.43084110037005,2.42895204310304,-6.274
2.53798549897112,2.44794037520631,2.54829311395834,2.50063273828442,2.56438533931783,2.77895741848005,2.64842731030222,2.495437911517,2.60863795992303,2.48378966675479,2.6809220477838,2.61116857359451,2.40107566198357,2.60253405937836,2.59558158770079,2.67773857415069,2.6886276874427,2.58977808925305,2.64584262969074,2.51010747966272,2.43122440645072,2.51525249185834,2.5410396687774,2.51488215944719,2.60486846029333,2.63509607480512,2.49473612361862,2.50389282024276,2.52473689308039,2.45000687682599,2.57103186597277,2.53943986295056,2.57262205572195,2.59638125763201,2.4043313009901,2.5010920943292,2.62217020955151,2.60256775650342,2.45892717329254,2.5075590065223,2.54916962000352,2.55551704946471,2.56040851535673,2.58286474217925,2.5436152363214,2.65157746585199,2.62661563669073,2.54318219246519,2.52365912802758,2.48819852625512,2.58829837562048,2.56689918894773,2.53826224379844,2.79491173156994,2.57455121740296,2.58105024437496,2.74479278926172,2.49769436468192,2.61698399650889,2.72330338130803,2.53523624739653,2.54788937185989,2.56185749202056,2.68798704923101,2.50416442908027,2.55300592831857,2.66534631952734,2.37698354301628,2.58233472169612,2.46478653077302,2.67958532394482,2.58764569930909,2.43841293482315,2.56047857429891,2.64321909905315,2.4761477937319,2.5610352870133,2.49786117804398,2.62366407346776,2.48242981217292,2.50214192543366,2.66345787680087,2.50642896442859,2.51485411892835,2.48735895618708,2.47175719162996,2.4920790432196,2.49622254545001,2.64717096037207,2.64042575827657,2.42001723493421,2.44860899294059,-6.024
2.53381790355919,2.48046696711478,2.56036974245161,2.507543700452,2.51215246025847,2.77658013761269,2.65462816626303,2.49154226498569,2.6380955960717,2.47951285657288,2.64423078970941,2.6150185108713,2.421290609509,2.56413635186695,2.58293944678828,2.64720395201146,2.70655453079751,2.60029768447665,2.68096850140082,2.56251355957915,2.40511226231109,2.5348314028402,2.52961131922923,2.52403922131566,2.57229573076833,2.61568045914081,2.4953230685403,2.50787793660154,2.54075625579191,2.44413208503009,2.57086072742179,2.5646002889667,2.5898024816512,2.57575662371606,2.39575214676338,2.50014304171815,2.65677416811508,2.55577068639353,2.47882416115782,2.55716177779467,2.58513833552794,2.56730043156527,2.55888595868795,2.57766971458387,2.55639123302319,2.6403036095771,2.61666451678711,2.55226413070888,2.55044009686922,2.50176408899257,2.57101144574754,2.55952511562802,2.54753339682545,2.77248867995574,2.61650976087837,2.57927331055693,2.72974760011039,2.50370432923477,2.59421305981979,2.70049105896521,2.51459789517566,2.55185105668695,2.51820477097069,2.64080346945858,2.49495076782981,2.54151784201456,2.61497627077903,2.4156427778217,2.58885143355228,2.43799957582965,2.68699636350046,2.57775285762226,2.41264434757622,2.56693055804482,2.63286661365421,2.46976884965077,2.5569361317289,2.49938541781598,2.60003139547555,2.49343039638722,2.50009245411219,2.64573553654191,2.52633465528886,2.51766207945948,2.48144474289402,2.47711282974204,2.47507395015636,2.50947552335735,2.64276475998077,2.6277062679816,2.41951330557217,2.42630657389754,-5.774
2.60561003163814,2.56822530877074,2.57645428539921,2.57691771407024,2.57972514622698,2.80149297051036,2.74802816498225,2.61702578167476,2.67658052586488,2.51788819336837,2.70604961303636,2.68150456098103,2.48987150632148,2.64625534585892,2.65014755452527,2.68254901729081,2.731842019458,2.70644991311561,2.70803098048963,2.62164610035902,2.46079222665237,2.58689170667217,2.59533355210154,2.56457696619541,2.64160991475015,2.677380082235,2.55697913337271,2.53705653121641,2.61880394580736,2.50204388623003,2.61704382898772,2.59966956900864,2.62352531646815,2.61030005705722,2.47884390642235,2.55454366060324,2.64189812465877,2.60658872926968,2.55111722102579,2.59619966339631,2.64170572785132,2.6030911024281,2.59543178893897,2.61754095000733,2.60936349942074,2.65983413602911,2.6499729077191,2.57871027348368,2.61211660874271,2.57188556620938,2.64516701111727,2.59130898007054,2.61365643708111,2.87565449026652,2.65228391946074,2.63672261243089,2.75234669054377,2.53573899579403,2.63232444205084,2.76392536871526,2.6019662571183,2.58145821940154,2.56329901654919,2.73506344968216,2.5234838305792,2.61284012884212,2.68314690475591,2.46384754496274,2.64679170759093,2.51219500883218,2.74447562460021,2.64327878163797,2.49321550861608,2.56977539317673,2.6421103982647,2.52875529394311,2.58090262117981,2.59269735734702,2.67698886740596,2.49649153708645,2.56866096015711,2.69630466188773,2.56402485117908,2.55608417432849,2.48892822007802,2.56099730684453,2.51144453132406,2.53323438789582,2.68233308360919,2.69926674153839,2.50004931765856,2.50599055052338,-5.524
2.64416049973352,2.57312506631096,2.65149489237192,2.6538108883015,2.64602657886363,2.84421961815664,2.77353109568435,2.64658143664674,2.7045044150382,2.55084327652266,2.74713091278572,2.69272925304685,2.50861309210661,2.7004099439071,2.68472482405672,2.74767797106807,2.78535819646726,2.72819542069473,2.7499412104315,2.67597927957929,2.52187400034925,2.62696965632395,2.65477498501598,2.61632677007302,2.68552119272874,2.72994165845911,2.61197735049991,2.57473738402546,2.63909880165862,2.57050212007411,2.66457315237954,2.66456144850717,2.67564429737544,2.66185373350278,2.55179086764687,2.60635267891935,2.69920206287376,2.62976150137539,2.58752600424069,2.65444547465345,2.68849570706758,2.64016531790049,2.67680302715977,2.65140448750966,2.65000276128257,2.73259974284735,2.71316187268385,2.60590662768692,2.65528984030771,2.60009112093951,2.67287845254304,2.63345019218759,2.66955929189788,2.89017438091697,2.6737545571154,2.66140508805037,2.80631353070007,2.62462228062343,2.66795206338469,2.76969148830644,2.63803100599748,2.60832780695535,2.62333300093365,2.75321111186264,2.55465857335611,2.62807026941867,2.73521849728079,2.50713365955054,2.68490575129089,2.54045096368737,2.77389222413237,2.68263859910922,2.54834482281535,2.6057322512422,2.70788554283383,2.549226701809,2.62498052096753,2.60339560339262,2.7125373460275,2.56037581981471,2.60930438812581,2.71462841709304,2.59051182955823,2.60227446310194,2.5460037708514,2.59105742548257,2.5536658257494,2.60132921424252,2.7527705364214,2.70166465928323,2.53696785909198,2.53633580076174,-5.274
2.68046668867734,2.5930945870476,2.65950607555648,2.68097836214752,2.6882449678227,2.89256452262499,2.77801417454814,2.64692426960912,2.78271247828033,2.58896201897682,2.75049912471624,2.76068181666325,2.57715860984736,2.74815399221294,2.7679443991508,2.73127165657143,2.83064458396981,2.767881699571,2.76536992290856,2.68606482076676,2.59628610995241,2.67370794152899,2.69631875417522,2.638914487732,2.7434483480348,2.75105586749668,2.64570302021896,2.60082345329292,2.70126712483113,2.61011522128326,2.68352233787074,2.70456712419293,2.74284494844938,2.6764180526739,2.56475585942993,2.66776878513701,2.67218867213846,2.68391185011678,2.57979840607154,2.67937927777563,2.75504148871213,2.66711377239871,2.70625561467198,2.72298092268749,2.68166763378936,2.71517347069449,2.76352303150103,2.66621696870666,2.67400197051897,2.65193850480409,2.68180310437283,2.64897048546943,2.72144253946603,2.92158524443313,2.6947968386296,2.71623142465014,2.84968741267793,2.65038044145273,2.72170269437947,2.83517084616787,2.68814491628955,2.63902665916504,2.66198515098149,2.76122025025251,2.61299838024379,2.64673442571823,2.75014372918207,2.51393974794871,2.717015691734,2.56742249881987,2.80433750948855,2.71157673253506,2.57227248953547,2.68175322795708,2.75513791902999,2.59897155949241,2.67579697288073,2.63784386981958,2.71839635168511,2.58066022831748,2.62870030333825,2.77205309364445,2.63164010751535,2.62507630279626,2.57734455402277,2.61511595081766,2.59299253743965,2.65139557803548,2.78954281789259,2.77383609432412,2.5715312109885,2.58141554240453,-5.024
2.671687179736,2.58864622774723,2.64594559645149,2.70092347219463,2.7221386884586,2.86442627365606,2.74978787688166,2.63072571905446,2.79109612499459,2.6294237965454,2.78737134647447,2.78114653811842,2.54509593046108,2.75424840517112,2.77288138295348,2.7339542846436,2.84963035797757,2.80347520244056,2.69392484082042,2.72402016188258,2.5826041709877,2.66698207326884,2.7326085946177,2.60709068807736,2.74287472618368,2.79531411815294,2.70494586220889,2.62496832497471,2.77370687239056,2.61218794125481,2.69600578455161,2.69725774559136,2.75476037960441,2.70983120454421,2.63011463113105,2.71466642198833,2.69573850208044,2.76238289933679,2.5907042075116,2.65552161683788,2.78626837615759,2.72940522802552,2.72209475541648,2.73476930476447,2.73498751574593,2.69617461690303,2.71584050290269,2.69569131093461,2.73236604076113,2.61372871423086,2.67794132452333,2.5902489635193,2.71423426464906,2.91977747385904,2.68083265918995,2.72671533640935,2.79983539354897,2.6881583818061,2.72423961423637,2.87288757427302,2.73220446801417,2.66115909774471,2.62988730905808,2.76570739212552,2.61766867014039,2.63937057118514,2.73963863879993,2.54170418208059,2.73956979997342,2.60537409950867,2.82928975696202,2.71440093987664,2.59193453969248,2.72517907833657,2.76356606675707,2.62722599794103,2.6670432273132,2.61649047866668,2.77526930088429,2.62205208786058,2.64473482649361,2.79538757869264,2.64702388901731,2.61170381395425,2.56054995865671,2.58913451850842,2.60412075002553,2.71102497631634,2.77494804953945,2.75326154274534,2.58673836832227,2.63561363266103,-4.774
2.74879377929677,2.68951051128931,2.69927559340799,2.75850324838789,2.81143047072433,2.90930611038215,2.82096811768415,2.6693357485154,2.84339764733217,2.68218145919137,2.83527018506818,2.8023339138382,2.62283913382625,2.82923814395452,2.78760879347541,2.80176237989256,2.93913235552465,2.83773487840681,2.76919663544819,2.78574880752306,2.68573807353419,2.73908875387553,2.79956107183805,2.67062899375816,2.80799349681947,2.81374399666218,2.76223423533804,2.65125458018762,2.84196733399017,2.65963839271047,2.74073169718014,2.79608259323009,2.81595077201663,2.76080119931295,2.66314265772947,2.74667764881486,2.7159304596657,2.79773145796882,2.67946591138449,2.73989604845581,2.83305200026954,2.76894396984208,2.76985435360286,2.78180687701589,2.77023386714727,2.78446140673592,2.76919317790068,2.74963162424201,2.76234960729601,2.70075580146951,2.71570915213022,2.6348617275045,2.77413207109286,2.96525794196799,2.73478194997815,2.78035614997009,2.85150502526979,2.72029958327137,2.78405862078482,2.90421090825013,2.74458110171696,2.7439361942157,2.70424510871467,2.79784878377517,2.68837304776207,2.69461329409222,2.81566704532467,2.59793760741976,2.79473163919071,2.65072664234498,2.84356980159941,2.75271569932308,2.64331198766055,2.77412348357069,2.7947267263885,2.67848644667262,2.71965752913493,2.67055198394373,2.83555387347243,2.6670744730051,2.69089594286771,2.84684424536734,2.69132683430744,2.6858680851227,2.66199144502523,2.65233232691506,2.65169418294489,2.70646823701307,2.83994988171359,2.80344059493538,2.64358857152229,2.66514824954638,-4.524
2.78308637725206,2.69722128350442,2.78547044979736,2.7781534595284,2.85772601740761,2.94348913768719,2.85452411285809,2.74985074738872,2.90388317016116,2.73104544799948,2.92228436924158,2.85023925949622,2.66779611958882,2.91786871166857,2.81550883281579,2.86127991876887,2.98976627828636,2.87834920372434,2.80301526887065,2.81230915824424,2.67346236837585,2.82160702055701,2.83232466436779,2.71724547443311,2.81391559836738,2.87004053400161,2.78142387419699,2.70510933594973,2.90461425379176,2.71242920060672,2.81983875176269,2.82425976539528,2.83844462712022,2.80911612479669,2.66400032705458,2.78578515225698,2.80229603412455,2.83095107778973,2.69962723985132,2.75872514360167,2.8375646545009,2.78217402958687,2.82009227381637,2.80972396226215,2.83123799779759,2.79827835111365,2.80603413545887,2.78453333415372,2.81827207193555,2.75680764828846,2.74355095262478,2.69978051641348,2.84275645446072,2.99041716715517,2.75309518711343,2.81589859663075,2.9220708576911,2.76945878178089,2.84778999558412,2.97218241916793,2.78877401408448,2.73427726882789,2.76321416903555,2.83827975266979,2.76526698122718,2.78585411329716,2.83604699650807,2.69168687348129,2.82372365770969,2.69055044570608,2.8884948065642,2.82116719706856,2.71185760083913,2.81883987730858,2.84480333724501,2.7458823198889,2.75471794249352,2.73840010059706,2.91162151347575,2.7219834414085,2.75437676822667,2.87479756861011,2.74195107126339,2.70773209377365,2.69763940907854,2.71009122409718,2.71736048384765,2.76573422732571,2.90764105003866,2.82980816253128,2.71226414863614,2.71765516649688,-4.274
2.82370602544607,2.8091493995231,2.8577167473825,2.88432772223648,2.96888565064566,3.02074511034831,2.94551400995992,2.82178797798777,2.9588125505033,2.82014208120136,2.98883620386701,2.93730535979109,2.76314923714436,2.98913922267854,2.8788315169667,2.93977115806002,3.03387388508788,2.89261022526967,2.82589167913104,2.85352322594443,2.77598181262633,2.89544982115327,2.90301166646968,2.79528163534549,2.87687622977311,2.95301976959141,2.91267374870832,2.74195005716288,2.96308912418089,2.76644528044301,2.88507725576215,2.90206577561213,2.92077354577634,2.87904917244,2.7610912873908,2.87200680652982,2.89053573390304,2.90695234406399,2.79328475961125,2.83831300101556,2.9006960503731,2.82444080110082,2.87296892776592,2.86066661763173,2.88717852630609,2.8699758484811,2.90406625644676,2.87627986669132,2.85569008012189,2.83162381806571,2.86000674950975,2.78478056874137,2.90548723330361,3.06918588797854,2.81525863083652,2.90922079211323,2.9686462558471,2.8484418834698,2.87430961237165,3.07535339490558,2.87943901783854,2.8399792640861,2.81197401924212,2.87027085081513,2.89929886348136,2.84434662928743,2.91557197746349,2.79084916309985,2.89339843170707,2.79119160350365,2.94372060135201,2.89580484010275,2.79425379981937,2.89525354060319,2.88885943850907,2.84675737019105,2.85497210498503,2.8130517148786,2.93907387992512,2.8070845676763,2.85177030116011,3.00451083938896,2.83106558555217,2.77184831963492,2.81050685924825,2.77355677224437,2.7843068754343,2.8618951532277,2.99260467555595,2.95517402393145,2.77324072389174,2.80164716492567,-4.024
2.93829694453779,2.90103691709095,2.89854505091002,2.98304378093853,2.98251915810441,3.04002722567437,2.95565542683446,2.85974721032915,3.05968418211318,2.89399420086707,3.00838228468688,2.96442801469546,2.79524889630217,3.02826159071932,2.90652057738358,2.9331566594958,3.07076352599969,2.96520159264531,2.96492380811588,2.92538316763803,2.90102664009779,2.92225853523432,2.94019410739515,2.83289678242518,2.92178854207406,2.9762170567285,2.92843668141038,2.80917916267361,3.03708905269565,2.79261582901404,2.95814736964372,2.97662801574121,2.96201394011949,2.98070016890274,2.90690624503922,2.92951459111422,2.96328405488777,2.99866122377423,2.86942259665506,2.91456064569756,2.92063126709343,2.91690468143761,2.91501837583645,2.93890723909722,2.94825420013679,2.95332915565489,2.93814622602465,2.91921786567017,2.94360599724093,2.89793007092919,2.88398407383321,2.82904647459784,2.95521478523289,3.08807409634535,2.87821207037921,2.94156449664762,3.05936698750907,2.91962498043744,2.91892567243959,3.05714277697964,2.9138913554259,2.85050396630358,2.87596384721249,2.9969989020567,2.87684166185792,2.90355556200745,2.92983531970643,2.83614195813196,2.92459263791814,2.82025022538854,3.03264706326081,2.89775916756578,2.88098832294093,2.92898316515901,2.92611316304654,2.8953589168817,2.93036044386762,2.84085254626253,2.98036978668656,2.89351621747226,2.91280234858209,3.04606637619698,2.87547598791287,2.83477479958788,2.84036062850613,2.80258312725553,2.89825568665161,2.9009547683712,2.98638832311531,3.0168241751001,2.78143607787709,2.84409027600468,-3.774
2.9866744885509,2.94598974568877,2.9787064744939,3.02975723517925,3.05256064591236,3.11892023139947,3.04795230644433,2.94039111624312,3.06179604864779,2.9472830860198,3.09645835582442,3.04621821668656,2.86392670645267,3.11730607627347,2.99854484550378,2.95977446835176,3.15841466743748,3.02270645490302,3.04249638795813,3.01370438915257,2.96187422312862,2.96453944747513,3.03352320951339,2.90282341154815,3.00528909687945,3.05371848606686,3.00080754795192,2.90139523805655,3.0551535373548,2.89219913005355,3.01528580925623,3.0397269592982,3.07873422824787,3.03837285146589,2.96676948870808,3.01267748183651,3.0099244313691,3.06768844683867,2.96508847966724,3.02145532351742,3.01213836421283,2.99588451834426,3.0010037436927,3.05374370310188,3.03168663682502,3.05458019641382,2.94968232562752,3.01727547247169,2.97996157476828,2.98386342731776,2.94707975069926,2.88617013983447,3.06170975810756,3.17383077879016,2.9554656569679,3.01993900229575,3.13596585810879,3.00050297068216,3.00188073428059,3.08936181746191,3.01705261307006,2.94146576837025,2.99031110585716,3.07635665365638,2.94996447941604,3.00218919362778,2.98792886780313,2.93192341724442,3.02288047443936,2.91600231786605,3.06221450264143,2.95170783835127,2.97101761707354,2.99811761237801,3.01527773537874,2.98111070250789,3.01305131133867,2.93294882879677,3.01292866447802,2.91538775490513,2.9695180629452,3.11692110385454,2.96407849370074,2.90413772760807,2.92928479917667,2.88418190562004,2.9958098066725,2.97823714854636,3.07313711398618,3.12790177994032,2.92774549425587,2.92794399052208,-3.524
3.01280738622085,3.00555353671709,3.02635918109758,3.08842673876957,3.10409222929123,3.14660298759091,3.04897043014907,2.99241642444487,3.09178837942949,2.97910474338633,3.09842263562425,3.08060399611301,2.93883468154103,3.15655930571338,3.01713547036153,2.97166392654967,3.19616881583878,3.04702074181495,3.04068845555262,3.03534941235365,2.95745393840276,2.99332322414427,3.07530699810566,2.94694068009633,3.03377178722084,3.07542084462039,3.01636358222404,2.93059427300589,3.13740227518609,2.90279372562891,3.01202624248092,3.09460989013141,3.07566977554569,3.03722938887254,3.03816833547992,3.04276903987409,3.07289586526655,3.06562374054206,2.99455629613517,3.04213934900995,3.01826694926298,3.00611812453106,3.02002097633603,3.07766115225735,3.06022897549958,3.06796862868947,2.96828519871538,2.98790155416805,3.02381213129186,3.05632394801182,2.98291359869222,2.89686320200176,3.05725801401258,3.18520151995128,2.98547974366633,3.05581046178363,3.1583674238903,3.04627920864326,3.01993258524991,3.15192857138425,3.04340306598723,2.97538466010232,3.00637416691146,3.08917562084545,2.96659503336437,2.99888518691536,3.02982160867775,2.92808194203768,3.07444028422427,2.97826684929433,3.0882761786357,2.9592017914264,3.01017136442241,3.0196907259288,3.05765917609884,3.05689550170425,3.02206310699635,2.97952042765583,3.03475010511153,2.94868431287306,3.02841347221133,3.13966536584858,2.9509305518878,2.96451018321735,2.95770869447812,2.95864808580252,2.99815741291442,3.03006280646074,3.09070906477384,3.16771650769986,2.94442307051867,2.91727058764864,-3.274
3.06481306195809,3.08938065693756,3.04168873350141,3.1305740116188,3.15394048125982,3.20758749702916,3.13946533756672,3.02172219568511,3.13073998731843,3.07113477375872,3.1986483964615,3.14419623583821,2.98201709892394,3.20461667776284,3.10323479914979,3.03546031823969,3.22825208024223,3.11305551268279,3.12502834157626,3.11668599711834,3.05007743595667,3.10582345610736,3.11344272701887,3.00908182227481,3.1115517027709,3.11034919837816,3.07414073689852,3.01417709475359,3.19196269728152,3.00044799938929,3.09662380903096,3.12368139356793,3.13272876330581,3.11416618919438,3.09992999314664,3.05853072251293,3.11754622625793,3.12690209099163,3.04485735143833,3.0884596604515,3.11514586066053,3.10066045754204,3.12519922658669,3.14958416228196,3.15906980316556,3.14122118691143,3.06704653377061,3.13070969564148,3.08719684975512,3.12872793464146,3.02811732303996,2.97343776158843,3.12367211125215,3.25840596829296,3.02442943290283,3.09551846463417,3.22755063815429,3.110963151896,3.08331551249029,3.20312932536875,3.10894810350448,3.06850548501164,3.09034315715401,3.16115536154415,3.04499536824325,3.07408780688687,3.11470026105174,2.99907922406236,3.11073335118403,3.03000385435527,3.16824010391346,3.06200505402864,3.06969409421385,3.06351136223627,3.11123156691921,3.09571579060877,3.07445633693576,3.01808150667754,3.10051659459707,3.0377196587499,3.07188678850403,3.20703737414981,3.05605777500972,2.99566862666733,3.06322435555017,3.02422635047913,3.09989538590603,3.05301720971708,3.1696972275544,3.24131129719244,3.0100642617206,3.01245925454933,-3.024
3.15962763812704,3.15336983104377,3.16330840903109,3.1919377615426,3.2099050569071,3.26448131616743,3.22120960080641,3.10420395393802,3.2578115823869,3.12497879678142,3.24082258045415,3.19588665941305,3.10247863930099,3.28854434119776,3.19471440539515,3.12760663343259,3.34920668576241,3.17810689958974,3.14710004910857,3.19495382072083,3.11510762394826,3.16865369177969,3.23661914282802,3.09599744756134,3.16910285284033,3.17621391044939,3.18740389313769,3.10672833524713,3.24350540444978,3.06840351919209,3.16451603761835,3.21409586729552,3.23483931097348,3.21650433274246,3.19393236812235,3.17002515465251,3.16890200421576,3.22521294923168,3.18249339373123,3.17876988178537,3.21548163521321,3.1856997670459,3.22320679387979,3.1631916215421,3.20142851581915,3.19732178576283,3.1209202977224,3.14362135170045,3.19317345857704,3.22952454583777,3.13866705508175,3.04213467151137,3.21332467289034,3.28501329484928,3.1391247939729,3.20457177207534,3.30802138628159,3.17420905856633,3.17273304681493,3.25901708019503,3.17567930384821,3.14017164501711,3.13343984227821,3.2083931325405,3.14507644014081,3.15236700249382,3.18268275532925,3.08286550367954,3.21746493334493,3.11096861310927,3.23476851724427,3.14003736361208,3.13071618992965,3.1686063988908,3.1731352702199,3.19544522348833,3.12302916938281,3.11423312053547,3.20114953595498,3.10649709156219,3.17725869371706,3.29019431539613,3.10417961887946,3.08251970298724,3.09814351883466,3.09780729274004,3.14042488213872,3.19650688938458,3.25909492863253,3.28630124485552,3.13563114711799,3.11419441841466,-2.774
3.19732409124988,3.25094420600399,3.22993279519007,3.26928616927408,3.24426515422768,3.35114154786586,3.30285965013919,3.150814049696,3.34603323529684,3.19523342903745,3.31000113326603,3.27678690556855,3.14919885383691,3.32468693821578,3.22443319884639,3.16288176107527,3.35476267953457,3.22708576076177,3.22163759454058,3.25840208588127,3.15096147603886,3.25295131315616,3.27646802416659,3.18225790710188,3.21223165337696,3.24227874147538,3.27916873808531,3.20625661016512,3.32306707948376,3.1169644634319,3.19137878629459,3.25312375634105,3.28564745520683,3.29739903902051,3.23276055736423,3.25532927103603,3.24831719327767,3.28605972932127,3.25715988442868,3.2551857851397,3.28101260342645,3.24655796976571,3.25878938748861,3.25949342500156,3.24433560319431,3.2572514171865,3.18876106926966,3.25100245180833,3.28333680554799,3.27523005915703,3.18804300354152,3.13677677680681,3.30435374092681,3.33200511597236,3.20487906266973,3.24637390440237,3.3452863543845,3.26232848447246,3.26736468505495,3.30975110378818,3.27882631659707,3.22538249495767,3.21731609791142,3.25880558764316,3.23741581473202,3.21652942010444,3.22666666118521,3.1674863693588,3.25856254119548,3.19827233796091,3.2706637622148,3.20418729325623,3.25097491503657,3.21375688991519,3.28154497252702,3.25044970154544,3.18692733090915,3.19202653269875,3.25174057725693,3.18533298135487,3.24754333505756,3.34692567215632,3.19254122427142,3.15616228461242,3.22638023465257,3.191212035003,3.2575422198705,3.26156907280937,3.34884161631431,3.32756493620655,3.19461645181509,3.17976255877718,-2.524
3.27520267164766,3.30037269654681,3.24116078767429,3.3826267236186,3.32451560102396,3.40564977498505,3.35281191457142,3.30041348602777,3.3968955336108,3.26019290157104,3.40965109832809,3.31588223036423,3.25048207635868,3.43769824658603,3.31239588163714,3.2599365753869,3.42265190216896,3.36108629348962,3.26711563553604,3.29817005337359,3.28742689459052,3.30080540516339,3.33683339897973,3.24571654655001,3.31097408617727,3.34043958486408,3.32408363012771,3.29211154180923,3.37773670876573,3.24318072006851,3.2897450090641,3.34241476131832,3.35423261832055,3.3741095732806,3.32586942052871,3.31677728577008,3.31998396757394,3.36658669233736,3.32737327708941,3.31491038255716,3.30666682826107,3.33143464419481,3.35885944883679,3.32481157695054,3.34414422897786,3.33453512876477,3.26386250784219,3.32930173755076,3.30711620360243,3.3776274363456,3.25120838418922,3.2153608961472,3.35201063393867,3.44279569551608,3.30920938223995,3.31908146046252,3.41452978920146,3.34318538160076,3.30901721243534,3.39711253213317,3.33432778271349,3.32747807168234,3.32228743434311,3.35148454966489,3.30300153377554,3.27943803937971,3.30597202267262,3.26374711330085,3.31571830490066,3.25671466657552,3.36405989043217,3.26692749656204,3.32186294812799,3.33194111857453,3.30894954721717,3.37145690632534,3.31564908812627,3.27949840427866,3.34213996956892,3.28255686109877,3.32413254171944,3.39557221260709,3.25527914607533,3.24460875147481,3.27783582834149,3.23134916608965,3.26569153630043,3.26119761773783,3.36254910155753,3.43481461340287,3.28462169275658,3.26806144902484,-2.274
3.39732364643243,3.3729805182819,3.35448998877035,3.42347667132358,3.43100192026271,3.48460782770764,3.43573476067822,3.33997522185816,3.4589517101661,3.39085236921095,3.43174121846261,3.4089116750279,3.34648936803985,3.4878931171762,3.40073381253726,3.40073672596542,3.50758971503333,3.38204235202344,3.41597097902625,3.40436456483438,3.3424010423257,3.39618499017661,3.41403938445903,3.31263785785751,3.39713489906064,3.40945321371575,3.43122969858098,3.36553872859597,3.47945555997231,3.30068881606602,3.39730396290756,3.45090081485015,3.4632967663893,3.44212133509777,3.36689097831395,3.4068712163018,3.45301141324726,3.45214871088149,3.40688901141631,3.38970590641071,3.40884326000882,3.4354407352378,3.39686344529838,3.4301489897406,3.44100884601354,3.44740359844216,3.39744785483571,3.39292155599489,3.39477208107719,3.42277087331634,3.38431426986795,3.32525009137397,3.41974343962725,3.51271030871468,3.3518993861146,3.42802796015904,3.46761555939394,3.44288299346059,3.40109806014971,3.48000249786788,3.41393773818377,3.39554031171714,3.37604055906336,3.40680465273831,3.3658972253252,3.34908684970053,3.40463048342415,3.31520815840119,3.40559303021195,3.36833227876776,3.43575627368131,3.40477738761857,3.4018359354856,3.39608681323896,3.42459799868165,3.37556242447002,3.39491175392136,3.34081560611584,3.40817558310631,3.32951715057828,3.38065143907319,3.4624177065689,3.34564999176204,3.32912389867761,3.36947555533353,3.36614220067541,3.39727024280777,3.38906829908266,3.46764927105581,3.47106831377889,3.37966788138487,3.32043911111324,-2.024
3.47841067801992,3.44057574610189,3.48507375728559,3.54172870255241,3.50460344113451,3.57051279511387,3.52724796759055,3.44129414909393,3.51723765031424,3.43496075065143,3.54823571178309,3.48730595310252,3.43732590130547,3.55337878308203,3.49403979711549,3.46123787077177,3.54962759781533,3.51166475150716,3.48987775621303,3.51205442859553,3.4345537094063,3.46082087879668,3.52007673369505,3.402179158776,3.46282077066464,3.50177626891416,3.49355259438495,3.48836888388291,3.55530622158824,3.41615575327674,3.54658990646414,3.49224088316093,3.53199420746366,3.53530717286879,3.43704161607553,3.51664500573404,3.458176678867,3.49012459983586,3.46207350515549,3.48902685171351,3.51531922090861,3.52493692337125,3.52858192044146,3.50817016613226,3.50924152926491,3.47514302650055,3.42725672095982,3.49957467133065,3.48826150426122,3.52488660532358,3.45357597657148,3.38442360182817,3.50376774966989,3.57521257931962,3.42931808160144,3.49061181340203,3.52228203909684,3.47050997977978,3.45819893943629,3.54199227022476,3.52047654706808,3.46461309797497,3.46468105979741,3.49535219574896,3.50114505163929,3.48581808064053,3.48096048283172,3.41235765352764,3.49911309986624,3.42303301933245,3.51475726159823,3.46172948053766,3.50919656782757,3.45718513031424,3.47262257767625,3.4821745378937,3.45167227095897,3.46351653065485,3.4946387690348,3.45802086958471,3.50456093590146,3.57426012442525,3.46352575743009,3.39470016967685,3.50067605080111,3.47385621030736,3.45838793719597,3.49744708608519,3.50868337437035,3.56837586721268,3.45811536355071,3.42273310067076,-1.774
3.5853790842528,3.55019523923595,3.51566645935312,3.57454986387042,3.59802273166736,3.61288355494516,3.5871847567189,3.50824033098186,3.65808294338937,3.54015017356061,3.5955806264862,3.60531440919835,3.50367914184267,3.67558742053893,3.52367801562257,3.54515266638578,3.66044474326791,3.60167718229021,3.54959498080764,3.55723607138456,3.5091648339115,3.55100896043376,3.62771322593846,3.51145795627313,3.54304031820758,3.59612345214952,3.56136777256791,3.50176563496353,3.62944091849226,3.53272465137305,3.60384531394931,3.60353638471814,3.62039204326567,3.59310863304362,3.56886697033539,3.5819710322249,3.60693761150839,3.59211996644569,3.5524959256028,3.55886803749196,3.62151150668917,3.5673501846129,3.57870906240197,3.61595867296847,3.59159978408016,3.60660014446023,3.55212832286172,3.60598740631407,3.60408535553479,3.57189018247633,3.52089534016132,3.49767161374932,3.57207738649165,3.64997882928039,3.5497103794125,3.56169539536711,3.65788355537189,3.60856955976132,3.53363415685965,3.60825397940713,3.5626069154017,3.59551906103166,3.52431529956422,3.62288213484257,3.56351263526235,3.56233765991063,3.58421097591982,3.50907588364972,3.59854460441257,3.55904037671976,3.5992487199895,3.57168894579421,3.52152959056534,3.55901585705203,3.56575124149867,3.55318029137165,3.53720004887082,3.57065545873069,3.57916242086335,3.55683910365227,3.56811009938748,3.58351875032546,3.54753588252279,3.52911366376516,3.54666563663741,3.5423994257423,3.56294792375678,3.54958736471607,3.58672349593414,3.67137018274607,3.51633010903933,3.53496217678108,-1.524
3.63208353504567,3.67043857697094,3.63913117317252,3.70445711009031,3.68255072387271,3.72801950927919,3.67051511708529,3.63759604779479,3.72490054731892,3.62672570247822,3.71437990852885,3.66821236576051,3.59787656652108,3.74895898940466,3.64278015781644,3.58604289519829,3.70299925872676,3.65619345074279,3.68729012098016,3.63220965945501,3.65880438267917,3.6233474078212,3.69148023352817,3.63053260942212,3.64649022656687,3.6740730416447,3.67241719027197,3.67142756198734,3.72897515698801,3.60871442727458,3.62866882483112,3.67143275724006,3.66473070141681,3.67384360302626,3.69483668452503,3.68912296190488,3.64629755877886,3.69028705367478,3.65050180240216,3.63000255121023,3.67358860547306,3.67128883226464,3.66639719662482,3.68407788556957,3.67492902370923,3.69799623382725,3.62827048171255,3.66234299725968,3.68668066212814,3.67594698687668,3.6820326682738,3.61468666960258,3.66805568551117,3.71822418663264,3.62705451143987,3.69614915602813,3.76476894039821,3.68856467757825,3.64700463283823,3.75573039418501,3.64695999719475,3.65944482972362,3.63137716273022,3.69413735549184,3.67033733247025,3.6931585198557,3.67613156354742,3.5929987682499,3.65861085963898,3.59169352211511,3.7280299235284,3.65306983437516,3.68629578622218,3.6432003053824,3.71910986390767,3.6923253835237,3.63596945141566,3.66506977344052,3.68235419073442,3.6171961030682,3.64888268739678,3.7267518352395,3.62034590198497,3.57241453286379,3.67994970191821,3.64709924228612,3.67023231732339,3.69553991228416,3.68793635922376,3.71360729228961,3.6519926760242,3.64072048367814,-1.274
3.76324746764302,3.76785613274152,3.75842814745289,3.81067275789662,3.73442740638327,3.82055166557664,3.78904082021838,3.74846213728691,3.7604127932592,3.71801555696798,3.81258615943154,3.80568017104535,3.68225231032906,3.8087031304287,3.76663639180249,3.71347293561728,3.81474337241211,3.7929583296819,3.73825169839676,3.74535005464104,3.74389981052011,3.78613621895184,3.77931819586169,3.69923538598105,3.75471378259636,3.75826394444441,3.80034346310034,3.75324015554731,3.77066121497848,3.69882645264483,3.74589621770932,3.80035918066907,3.82045800332417,3.79757136418183,3.76441271914258,3.76670790397988,3.75260460072009,3.76875645945861,3.74455127970663,3.78854292759303,3.74345958048511,3.7621662225118,3.785753721813,3.7876690972794,3.78479288855084,3.76362654566824,3.74724995217243,3.75501883556279,3.75226524013695,3.7786905374692,3.68909575528771,3.71059883459471,3.74692933321166,3.81010534275429,3.75163519523859,3.80433683866417,3.78998547280053,3.75974894804265,3.77212636712924,3.8346905662859,3.80318380475006,3.77564862647018,3.77314228277881,3.76491931527971,3.75476924309917,3.77155897394994,3.75779581599155,3.75043279367387,3.7675360958178,3.75096868147479,3.79423382132685,3.75131158321865,3.77305384328065,3.75416604177554,3.80486670940396,3.77287431329197,3.77386679105892,3.71115562086005,3.74960940576535,3.76213304221538,3.75588320838196,3.78451154744203,3.73669245912706,3.68934722672128,3.73170875683895,3.7035240992086,3.73598985272276,3.74993668928925,3.78035356791065,3.81385693674481,3.74556407030775,3.73319399704881,-1.024
3.87325070655589,3.87819190204749,3.85043953135235,3.87951335258523,3.87267378093005,3.90245670902897,3.90438170138375,3.78502694241806,3.90328027039112,3.85829923230056,3.89220066562402,3.83897795738134,3.85085745096365,3.94393941957756,3.84271481765285,3.83385795391392,3.92267826752384,3.90416152505408,3.88798858609705,3.87263318722168,3.8464019669104,3.8664610475902,3.87421822094828,3.77647042402859,3.8571124375506,3.89041546447144,3.85206605769959,3.8282698969369,3.884133358924,3.83468104738189,3.88725013971511,3.89357368325465,3.87868967343679,3.85083900547823,3.85291496201526,3.89595425816368,3.84246571142081,3.86332256563581,3.83375438524863,3.8783623229892,3.90027449152524,3.84990654092424,3.85104983045455,3.86332393017331,3.86602434349722,3.84389113110206,3.84906387032042,3.85808725372405,3.87883892818369,3.89584503658503,3.83909520978858,3.81606694727625,3.83597573950882,3.90081292206863,3.83387694953793,3.86564431413138,3.88741312398761,3.8795007160891,3.8590213446694,3.92514000555941,3.85637967865466,3.8451204265477,3.84476129614282,3.88463119049324,3.83851036310584,3.82958432072919,3.84089795399349,3.86325590349389,3.91237673531002,3.84726080372837,3.92084485062997,3.88985672052235,3.87071155767316,3.84692458039631,3.86623521369651,3.87608696471054,3.88002613320429,3.85627834272752,3.90270215199738,3.85085066647059,3.86826846125322,3.90631654415385,3.83790215323522,3.8420054993038,3.89021266622833,3.82661090522421,3.8883144240613,3.88823572672814,3.88174658507328,3.87125589022813,3.84854788024262,3.84334721319551,-0.774000000000001
3.9836419879862,3.9516913492225,3.99373470205764,4.02050128289405,3.96478769040036,3.98198433266498,3.96828534392935,3.97117825755929,3.9821426455351,3.97232584619109,4.00828517606754,3.97124096719455,3.93225274218537,3.97730133288919,3.9548174197535,3.95602951998362,4.01655587872643,3.9493087603395,4.02861030795432,3.95682258914052,3.95314325075859,3.94324588131969,3.94870222953317,3.94012185231603,3.97079558912222,3.9402989569816,3.94799530355777,3.9435340112007,3.99306731819244,3.92588993082023,3.96958488989298,3.97779270787277,3.93828192132989,4.00316764581947,3.92531772867261,3.95544501383446,4.01558138298036,4.01616359838442,3.9436510963308,3.97219402724972,3.9600942888294,3.97031023105135,3.97280498369701,3.94823537086832,3.95786187503981,3.9636407918364,3.9655095081742,4.01157939164764,3.96135961301918,3.96990113182618,3.96721693088377,3.91471702018793,4.01763509971134,3.98325858339036,3.92005408886023,3.93801300208664,4.01952215835695,3.95339186094397,3.94632416867963,4.00112922599543,4.00281017147313,3.93194552383646,3.93468576736564,3.96138403160888,4.03201351260265,3.99381465079521,3.98851165439561,3.95712323126152,3.97435385379632,3.97594012125409,4.00897743505029,3.92536281860223,3.95836639863665,3.95701212085129,3.99599446190976,3.93279936883874,3.95731496599972,3.95703834264825,3.94653218087523,3.96519868252489,3.95076133962024,4.01096074292298,3.99300935084966,3.94890993279698,3.93762196198277,3.93622963939126,3.93866495782857,3.97062166599516,3.96292982253276,3.99717442787036,3.94609933570394,3.95964323740034,-0.524000000000001
4.10180176775809,4.08503788588993,4.10649193371363,4.05450251727122,4.06609251329488,4.06202363580697,4.09446176331411,4.0619269561596,4.07794356634412,4.06191789838494,4.10832621920731,4.10428957332237,4.04017309673995,4.05284116038646,4.08751186154224,4.06833563935454,4.08424331284154,4.04930584640823,4.06012043791239,4.12405786841896,4.06352763712875,4.06787724586571,4.11985231563668,4.04514253397376,4.065383897894,4.10346830766336,4.08287862735819,4.09081100600904,4.08743499992353,4.0348310736852,4.04516012096238,4.07948463802784,4.05846377498964,4.08936812175975,4.05029759587016,4.06001543900654,4.05591682183736,4.06113957671531,4.06547953586179,4.06178740867832,4.1165903505143,4.03398024864478,4.07701002138011,4.04792315131018,4.1106436487687,4.12312130691039,4.12924044674921,4.06293676348108,4.09813511955126,4.06572875239454,4.04976346958809,4.0586397583682,4.07166219235612,4.04997840155248,4.04911679657823,4.09079345295588,4.11611606958794,4.05968561006468,4.05434195073202,4.12842599940543,4.06276995447345,4.08608226670865,4.0879198892732,4.05734638756958,4.0335716994854,4.07838098866164,4.10818792079494,4.06358038338097,4.05169626064114,4.11457998493759,4.06773414668206,4.10663465376492,4.03760912712821,4.05891440040923,4.0385894287043,4.03984459028474,4.05454257005075,4.0293844928342,4.10623370831652,4.06646911900295,4.11328597862584,4.08243038903162,4.05967357184258,4.02932617290383,4.03856555750097,4.03689629965277,4.06784581005486,4.04482914532161,4.11374829260181,4.11992827382285,4.05936209422426,4.04062122085575,-0.274000000000001
4.20684495035216,4.17698500754141,4.21821665088845,4.23747625751352,4.22252216820362,4.15779724360241,4.14105700960223,4.17378519653458,4.16739512148032,4.16227168482782,4.17532721263499,4.16681546634326,4.15922063197002,4.16787865205294,4.17652937768803,4.20509653086926,4.15344511934971,4.15441969866473,4.17429448070581,4.18598230778181,4.17505120140629,4.16712870909603,4.18659018499836,4.23590467845697,4.17329571437541,4.16497701295087,4.20597372564962,4.15798401022484,4.22624930905055,4.22583099810465,4.17714841590806,4.15413063222199,4.16825068715496,4.16301281544162,4.16789273499408,4.17226522985259,4.19453416381438,4.15359981646502,4.18716024444463,4.19855804924822,4.13822363130361,4.24553896497646,4.17412810669083,4.16502131052794,4.23431382730793,4.15921365639611,4.17246055432995,4.2158638520408,4.1780633231039,4.17267141760535,4.16351938051161,4.16738087074704,4.16820928671358,4.17523098580955,4.15810249511696,4.22958425578499,4.22589893320889,4.17489274590789,4.23625115314516,4.18715343815643,4.1742479069123,4.1798869440166,4.20942942085477,4.20015483820656,4.16939767448564,4.18257161817875,4.17049294412755,4.22749031115565,4.15270600456314,4.16668659006433,4.25444545140936,4.24070717440456,4.1912961236963,4.17604266140462,4.16678348691916,4.17623741855649,4.18518787272325,4.15359534748742,4.17805027203853,4.257708489832,4.16112085252378,4.23231776790411,4.17817811148248,4.22541205468767,4.22307527300054,4.24674185953833,4.16393651631792,4.18056613831614,4.22912149133148,4.23472745193496,4.15470907823127,4.17222832906237,0
